Product ID [Non Editable],Variant ID [Non Editable],Product Type [Non Editable],Product Page,Product URL,Title,Description,SKU,GTIN,MPN,Option Name 1,Option Value 1,Option Name 2,Option Value 2,Option Name 3,Option Value 3,Option Name 4,Option Value 4,Option Name 5,Option Value 5,Option Name 6,Option Value 6,Price,Sale Price,On Sale,Stock,Categories,Tags,Weight,Length,Width,Height,Visible,Hosted Image URLs
68ed4d4186b63e5941e4ac16,3f2fcf8b-6a42-48aa-b4dc-33f255fad1f4,PHYSICAL,shop,study-carbon-line,“Study” | Carbon Line Series,"<p style=""white-space:pre-wrap;"" data-rte-preserve-empty=""true"">by <em>AI Love You</em></p><p style=""text-align: start; ; white-space:pre-wrap;"" data-rte-preserve-empty=""true""><em>“Study”</em> explores the power of form and gesture through a deeply expressive charcoal-inspired aesthetic. The composition evokes the energy of traditional graphite and charcoal works; rich in texture, movement, and balance, while offering a contemporary finish that feels both modern and timeless.</p><p style=""text-align: start; ; white-space:pre-wrap;"" data-rte-preserve-empty=""true""><strong>Limited to 150 individual numbered prints. </strong></p><h3 style=""text-align: start; ; white-space:pre-wrap;"" data-rte-preserve-empty=""true""><strong>Product Details</strong></h3><h4 style=""white-space:pre-wrap;"" data-rte-preserve-empty=""true""><strong>Available Sizes:</strong></h4><ul data-rte-list=""true""><li><p style=""white-space:pre-wrap;"" data-rte-preserve-empty=""true"">A3+, A3, A4, and A5.</p></li></ul><h4 style=""white-space:pre-wrap;"" data-rte-preserve-empty=""true""><strong>Paper Options:</strong></h4><ul data-rte-list=""true""><li><p style=""white-space:pre-wrap;"" data-rte-preserve-empty=""true""><strong>Epson Archival Matte</strong> – a smooth, fine-art surface with soft texture and natural depth.</p></li></ul><h4 style=""text-align: start; ; white-space:pre-wrap;"" data-rte-preserve-empty=""true""><strong>Ink Longevity:</strong></h4><ul data-rte-list=""true""><li><p style=""text-align: start; ; white-space:pre-wrap;"" data-rte-preserve-empty=""true"">Printed using <strong>Epson Claria photo inks</strong> (pigment + dye blend) on <strong>Epson professional papers</strong>.</p></li><li><p style=""white-space:pre-wrap;"" data-rte-preserve-empty=""true""><em>Archival Matte</em>: Display life ≈150–180 years behind UV-filtered glass; &gt;200 years in archival storage.</p></li></ul><p style=""white-space:pre-wrap;"" data-rte-preserve-empty=""true"">(Based on <strong>Wilhelm Imaging Research (2025)</strong> testing using Claria inks.)</p><h4 style=""white-space:pre-wrap;"" data-rte-preserve-empty=""true""><strong>Certificate of Authenticity:</strong></h4><ul data-rte-list=""true""><li><p style=""white-space:pre-wrap;"" data-rte-preserve-empty=""true"">Included as standard for limited editions.</p></li></ul><h4 style=""white-space:pre-wrap;"" data-rte-preserve-empty=""true""><strong>Packaging:</strong></h4><ul data-rte-list=""true""><li><p style=""white-space:pre-wrap;"" data-rte-preserve-empty=""true""><strong>A3+ to A5 prints:</strong><span> shipped flat in rigid, protective mailers with corner reinforcement and interleaving to prevent scuffing.</span></p></li></ul><h4 style=""white-space:pre-wrap;"" data-rte-preserve-empty=""true""><strong>Delivery:</strong></h4><ul data-rte-list=""true""><li><p style=""white-space:pre-wrap;"" data-rte-preserve-empty=""true""><strong>Free UK delivery</strong> <strong>on all orders.</strong></p></li><li><p style=""white-space:pre-wrap;"" data-rte-preserve-empty=""true""><strong>Worldwide shipping</strong> available at checkout.</p></li></ul><h3 style=""text-align: start; ; white-space:pre-wrap;"" data-rte-preserve-empty=""true""><strong>Why You’ll Love It</strong></h3><p style=""text-align: start; ; white-space:pre-wrap;"" data-rte-preserve-empty=""true"">A minimal yet striking piece that merges human artistry with cutting-edge AI interpretation. Perfect for a unique touch for your home, professional environment, collectors, design enthusiasts, and those seeking artwork that transcends the purely decorative.</p>",SQ2629022,,,Size,A3+,,,,,,,,,,,20,0,No,50,"/carbon-line, /art-prints","fine art print, charcoal art, monochrome, contemporary wall art, minimalist decor, black and white print, modern art, home interior, collectible art, premium print, AI Love You, luxury home decor, matte print, glossy print, gift for art lovers, limited edition, framed art, modern living room decor, office decor, british, style: monochrome-minimal, series: carbon-line, medium: charcoal, technique: charcoal, smudge, cross-hatch, gesture: sweep, stroke, mark-making, mood: dynamic, energetic, motif: figure, motion, accent: none, negative-space: strong, texture: paper-tooth, soft-grain, palette: neutral, orientation: portrait, size: A3+, A3, A4, A5, limited-150, paper: archival-matte",0.55,19,13,0,Yes,https://images.squarespace-cdn.com/content/v1/6877c92b70427e6c159ede38/385a53ec-da4b-443a-a89b-ccd043152f5b/Study+in+Motion+%28Low+Res%29.png https://images.squarespace-cdn.com/content/v1/6877c92b70427e6c159ede38/fcdde647-a13c-46fd-8be7-8e769ad18d4e/%28Study+in+Motion%29+Modern+Room+A3+Template.png https://images.squarespace-cdn.com/content/v1/6877c92b70427e6c159ede38/cba92f0f-8ce0-4cb1-9ee2-c6fa174ce8a7/Study+in+Motion+Size+Comparison+%28Low+Res%29.png
,7ab009c8-2777-489d-8faa-ad2be7743610,,,,,,SQ7217915,,,Size,A3,,,,,,,,,,,15,0,No,50,,,0.46,16.5,11.7,0,,
,42332b85-d579-4442-b836-819facac724b,,,,,,SQ8485265,,,Size,A4,,,,,,,,,,,10,0,No,30,,,0.26,11.7,8.3,0,,
,4e54e031-2a6f-49f5-91c4-e1f7117ce509,,,,,,SQ9930694,,,Size,A5,,,,,,,,,,,8,0,No,20,,,0.15,8.3,5.8,0,,
68ed64b1f391e236fe549555,b1afbfcb-9913-4c5c-bd64-32f5b335a660,PHYSICAL,shop,labyrinth-cool-tessellate,“Labyrinth Cool” | Tessellate Series,"<p style=""text-align: start; ; white-space:pre-wrap;"" data-rte-preserve-empty=""true""><em>by AI Love You</em></p><p style=""text-align: start; ; white-space:pre-wrap;"" data-rte-preserve-empty=""true"">A serene reinterpretation of <em>Labyrinth</em>, this <em>Cool Edition</em> explores the same geometric interplay through a palette of soft blues, greys, and muted tones. The composition weaves together Bauhaus precision and architectural rhythm, evoking a sense of calm structure and quiet discovery. Each element, from the stepped forms to the circular motifs, guides the viewer through an abstract maze of light, shade, and proportion.</p><h3 style=""text-align: start; ; white-space:pre-wrap;"" data-rte-preserve-empty=""true""><strong>Product Details</strong></h3><h4 style=""text-align: start; ; white-space:pre-wrap;"" data-rte-preserve-empty=""true""><strong>Paper Sizes:</strong></h4><ul data-rte-list=""true""><li><p style=""text-align: start; ; white-space:pre-wrap;"" data-rte-preserve-empty=""true"">A3+, A3, A4, and A5.</p></li></ul><h4 style=""text-align: start; ; white-space:pre-wrap;"" data-rte-preserve-empty=""true""><strong>Paper:</strong></h4><ul data-rte-list=""true""><li><p style=""text-align: start; ; white-space:pre-wrap;"" data-rte-preserve-empty=""true""><strong>Epson Archival Matte</strong> – a smooth, fine-art surface with soft texture and natural depth.</p></li></ul><h4 style=""text-align: start; ; white-space:pre-wrap;"" data-rte-preserve-empty=""true""><strong>Ink Longevity:</strong></h4><ul data-rte-list=""true""><li><p style=""text-align: start; ; white-space:pre-wrap;"" data-rte-preserve-empty=""true"">Printed using <strong>Epson Claria photo inks</strong> (pigment + dye blend) on <strong>Epson professional paper</strong>.</p></li><li><p style=""white-space:pre-wrap;"" data-rte-preserve-empty=""true""><em>Archival Matte</em>: Display life ≈150–180 years behind UV-filtered glass; &gt;200 years in archival storage.</p></li></ul><p style=""white-space:pre-wrap;"" data-rte-preserve-empty=""true"">(Based on <strong>Wilhelm Imaging Research (2025)</strong> testing using Claria inks.)</p><h4 style=""white-space:pre-wrap;"" data-rte-preserve-empty=""true""><strong>Packaging:</strong></h4><ul data-rte-list=""true""><li><p style=""white-space:pre-wrap;"" data-rte-preserve-empty=""true"">A3+–A5 prints ship <strong>flat</strong> in rigid, hard-backed envelopes with acid-free interleaving, corner reinforcement, and a moisture-resistant sleeve (<strong>Do Not Bend</strong>).</p></li></ul><h4 style=""white-space:pre-wrap;"" data-rte-preserve-empty=""true""><strong>Delivery:</strong></h4><ul data-rte-list=""true""><li><p style=""white-space:pre-wrap;"" data-rte-preserve-empty=""true""><strong>Free UK delivery</strong> on all orders.</p></li><li><p style=""white-space:pre-wrap;"" data-rte-preserve-empty=""true""><strong>Worldwide shipping </strong>available at checkout.</p></li></ul><h4 style=""text-align: start; ; white-space:pre-wrap;"" data-rte-preserve-empty=""true""><strong>Why You’ll Love It:</strong></h4><p style=""text-align: start; ; white-space:pre-wrap;"" data-rte-preserve-empty=""true""><em>Labyrinth Cool </em>balances precision and imagination, a statement artwork that invites conversation and rewards curiosity. Whether displayed in a modern home, studio, or creative space, it offers a new discovery with every glance.</p>",SQ2573342,,,Size,A3+,,,,,,,,,,,20,0,No,Unlimited,"/art-prints, /tessellate","fine art print, charcoal art, contemporary wall art, minimalist decor, black and white print, modern art, home interior, collectible art, premium print, AI Love You, luxury home decor, matte print, glossy print, gift for art lovers, limited edition, framed art, modern living room decor, office decor, bauhaus, puzzle, colourful, cool, neutral, blue, british, style: ink-gesture, medium: ink, technique: line-work, gesture: stroke, mood: calm, motif: abstract, minimal-form, accent: none, negative-space: strong, palette: neutral, orientation: portrait, size: A3+, A3, A4, A5, series: tessellate, paper: archival-matte",0.55,19,13,0,Yes,https://images.squarespace-cdn.com/content/v1/6877c92b70427e6c159ede38/5829cfb2-604c-40f9-b4f4-cfe7c13a3527/Labyrinth+Cool+%28Low+Res%29.png https://images.squarespace-cdn.com/content/v1/6877c92b70427e6c159ede38/f3840577-6126-44d0-a3f9-5b20e1d1395a/Labyrinth+Cool+Wall+Mounted+A3%2B.png https://images.squarespace-cdn.com/content/v1/6877c92b70427e6c159ede38/1a915867-f838-4171-b812-0deb765dde6e/Labyrinth+Cool+Size+Comparison.png
,e477e7da-7f94-4579-981a-d624d9aeaa05,,,,,,SQ8189259,,,Size,A3,,,,,,,,,,,15,0,No,Unlimited,,,0.46,16.5,11.7,0,,
,20f04903-efdd-4844-9110-8aeb267e77dc,,,,,,SQ0337226,,,Size,A4,,,,,,,,,,,10,0,No,Unlimited,,,0.26,11.7,8.3,0,,
,363f8c2e-5da9-4e99-a9cc-4c8bc5c0f665,,,,,,SQ3165661,,,Size,A5,,,,,,,,,,,8,0,No,Unlimited,,,0.15,8.3,5.8,0,,
68f14114e4546a10b0713692,3c38fb65-7138-4530-abf5-ade9f11b1978,PHYSICAL,shop,leap-carbon-line,“Leap” | Carbon Line Series,"<p style=""text-align: start; ; white-space:pre-wrap;"" data-rte-preserve-empty=""true""><em>by AI Love You</em></p><p style=""text-align: start; ; white-space:pre-wrap;"" data-rte-preserve-empty=""true""><em>“Leap”</em> captures a moment of pure expression. A figure in mid-motion, poised between energy and stillness. The charcoal-inspired aesthetic celebrates the tactile richness of traditional graphite and charcoal, reimagined through a contemporary lens. Radiant streaks of colour break through the monochrome form, evoking movement, vitality, and transcendence. The result is a study in both discipline and release; where human form meets artistic freedom.</p><p style=""text-align: start; ; white-space:pre-wrap;"" data-rte-preserve-empty=""true""><strong>Limited to 150 individually numbered prints.</strong></p><h3 style=""text-align: start; ; white-space:pre-wrap;"" data-rte-preserve-empty=""true""><strong>Product Details</strong></h3><h4 style=""text-align: start; ; white-space:pre-wrap;"" data-rte-preserve-empty=""true""><strong>Available Sizes:</strong></h4><ul data-rte-list=""true""><li><p style=""text-align: start; ; white-space:pre-wrap;"" data-rte-preserve-empty=""true"">A3+, A3, A4, and A5</p></li></ul><h4 style=""text-align: start; ; white-space:pre-wrap;"" data-rte-preserve-empty=""true""><strong>Paper Options:</strong></h4><ul data-rte-list=""true""><li><p style=""white-space:pre-wrap;"" data-rte-preserve-empty=""true""><strong>Epson Archival Matte</strong> – a smooth, fine-art surface with soft texture and natural depth.</p></li></ul><h4 style=""text-align: start; ; white-space:pre-wrap;"" data-rte-preserve-empty=""true""><strong>Ink Longevity:</strong></h4><ul data-rte-list=""true""><li><p style=""text-align: start; ; white-space:pre-wrap;"" data-rte-preserve-empty=""true"">Printed using <strong>Epson Claria photo inks</strong> (pigment + dye blend) on <strong>Epson papers</strong>.</p></li><li><p style=""white-space:pre-wrap;"" data-rte-preserve-empty=""true""><em>Archival Matte</em>: Display life ≈150–180 years behind UV-filtered glass; &gt;200 years in archival storage.</p></li></ul><p style=""white-space:pre-wrap;"" data-rte-preserve-empty=""true"">(Based on <strong>Wilhelm Imaging Research (2025)</strong> testing using Claria inks.)</p><h4 style=""text-align: start; ; white-space:pre-wrap;"" data-rte-preserve-empty=""true""><strong>Certificate of Authenticity:</strong></h4><ul data-rte-list=""true""><li><p style=""text-align: start; ; white-space:pre-wrap;"" data-rte-preserve-empty=""true"">Included as standard for limited editions.</p></li></ul><h4 style=""text-align: start; ; white-space:pre-wrap;"" data-rte-preserve-empty=""true""><strong>Packaging:</strong></h4><ul data-rte-list=""true""><li><p style=""white-space:pre-wrap;"" data-rte-preserve-empty=""true"">A3+–A5 prints ship <strong>flat</strong> in rigid, hard-backed envelopes with acid-free interleaving, corner reinforcement, and a moisture-resistant sleeve (<strong>Do Not Bend</strong>).</p></li></ul><h4 style=""text-align: start; ; white-space:pre-wrap;"" data-rte-preserve-empty=""true""><strong>Shipping:</strong></h4><ul data-rte-list=""true""><li><p style=""text-align: start; ; white-space:pre-wrap;"" data-rte-preserve-empty=""true""><strong>Free UK delivery on all orders.</strong></p></li><li><p style=""text-align: start; ; white-space:pre-wrap;"" data-rte-preserve-empty=""true""><strong>Worldwide shipping </strong>available at checkout.</p></li></ul><h3 style=""text-align: start; ; white-space:pre-wrap;"" data-rte-preserve-empty=""true""><strong>Why You’ll Love It</strong></h3><p style=""text-align: start; ; white-space:pre-wrap;"" data-rte-preserve-empty=""true"">A minimal yet striking work that merges human artistry with cutting-edge AI interpretation. <em>Leap</em> brings a sense of motion and emotion to any space; ideal for collectors, creatives, and design enthusiasts seeking artwork that transcends the purely decorative.</p>",SQ6240881,,,Size,A3+,,,,,,,,,,,20,0,No,50,"/carbon-line, /art-prints","fine art print, charcoal art, monochrome, contemporary wall art, minimalist decor, black and white print, modern art, home interior, collectible art, premium print, AI Love You, luxury home decor, matte print, glossy print, gift for art lovers, limited edition, framed art, modern living room decor, office decor, british, style: monochrome-minimal, series: carbon-line, medium: charcoal, technique: charcoal, smudge, cross-hatch, gesture: sweep, stroke, mark-making, mood: dynamic, energetic, motif: figure, motion, accent: none, negative-space: strong, texture: paper-tooth, soft-grain, palette: neutral, orientation: portrait, size: A3+, A3, A4, A5, limited-150, paper: archival-matte",0.55,19,13,0,Yes,https://images.squarespace-cdn.com/content/v1/6877c92b70427e6c159ede38/385b777b-13e0-47c2-9480-797c7e9a7484/Leap+in+Motion+%28Low+Res%29.png https://images.squarespace-cdn.com/content/v1/6877c92b70427e6c159ede38/c640f771-bb42-4f80-852b-5e501343d86f/Leap+%28A3%2B+on+wall%29.png https://images.squarespace-cdn.com/content/v1/6877c92b70427e6c159ede38/0becb612-c2fb-4cb1-bed2-589630b29bd1/Leap+%28size+comparison%29.png
,e212ae1b-855d-4328-978a-6f532acdc510,,,,,,SQ4129571,,,Size,A3,,,,,,,,,,,15,0,No,50,,,0.46,16.5,11.7,0,,
,b452922c-1136-4d44-aec5-de4aff129172,,,,,,SQ0659382,,,Size,A4,,,,,,,,,,,10,0,No,30,,,0.26,11.7,8.3,0,,
,d05066f5-b137-42cf-967c-c946a09c3aa3,,,,,,SQ0210820,,,Size,A5,,,,,,,,,,,8,0,No,20,,,0.15,8.3,5.8,0,,
68f169ab7d45f4092c16a16a,819d1309-2b3e-4149-80d8-b7cded06466f,PHYSICAL,shop,clarity-sightlines,“Clarity” | Sightlines Series,"<p style=""text-align: start; ; white-space:pre-wrap;"" data-rte-preserve-empty=""true""><em>by AI Love You</em></p><p style=""text-align: start; ; white-space:pre-wrap;"" data-rte-preserve-empty=""true""><em>“Clarity”</em> explores the balance between precision and emotion through a bold, Bauhaus-inspired composition. Primary forms (circle, rectangle, and line) intersect in a harmonious study of geometry, colour, and proportion. The layered transparency of red, blue, yellow, and green creates depth from simplicity, reflecting a modernist vision of order, balance, and visual truth.</p><p style=""text-align: start; ; white-space:pre-wrap;"" data-rte-preserve-empty=""true""><strong>Limited to 150 individually numbered prints.</strong></p><h3 style=""text-align: start; ; white-space:pre-wrap;"" data-rte-preserve-empty=""true""><strong>Product Details</strong></h3><h4 style=""text-align: start; ; white-space:pre-wrap;"" data-rte-preserve-empty=""true""><strong>Available Sizes:</strong></h4><ul data-rte-list=""true""><li><p style=""text-align: start; ; white-space:pre-wrap;"" data-rte-preserve-empty=""true"">A3+, A3, A4, and A5</p></li></ul><h4 style=""text-align: start; ; white-space:pre-wrap;"" data-rte-preserve-empty=""true""><strong>Paper Options:</strong></h4><ul data-rte-list=""true""><li><p style=""white-space:pre-wrap;"" data-rte-preserve-empty=""true""><strong>Epson Archival Matte</strong> – a smooth, fine-art surface with soft texture and natural depth.</p></li></ul><h4 style=""text-align: start; ; white-space:pre-wrap;"" data-rte-preserve-empty=""true""><strong>Ink Longevity:</strong></h4><ul data-rte-list=""true""><li><p style=""text-align: start; ; white-space:pre-wrap;"" data-rte-preserve-empty=""true"">Printed using <strong>Epson Claria photo inks</strong> (pigment + dye blend) on Epson professional papers.</p></li><li><p style=""white-space:pre-wrap;"" data-rte-preserve-empty=""true""><em>Archival Matte:</em> Display life ≈150–180 years behind UV-filtered glass; &gt;200 years in archival storage.<br><em>(Based on Wilhelm Imaging Research (2025) testing using Claria inks.)</em></p></li></ul><h4 style=""text-align: start; ; white-space:pre-wrap;"" data-rte-preserve-empty=""true""><strong>Certificate of Authenticity:</strong></h4><ul data-rte-list=""true""><li><p style=""text-align: start; ; white-space:pre-wrap;"" data-rte-preserve-empty=""true"">Included as standard for limited editions.</p></li></ul><h4 style=""text-align: start; ; white-space:pre-wrap;"" data-rte-preserve-empty=""true""><strong>Packaging:</strong></h4><ul data-rte-list=""true""><li><p style=""white-space:pre-wrap;"" data-rte-preserve-empty=""true"">A3+–A5 prints ship <strong>flat</strong> in rigid, hard-backed envelopes with acid-free interleaving, corner reinforcement, and a moisture-resistant sleeve (<strong>Do Not Bend</strong>).</p></li></ul><h4 style=""text-align: start; ; white-space:pre-wrap;"" data-rte-preserve-empty=""true""><strong>Shipping:</strong></h4><ul data-rte-list=""true""><li><p style=""text-align: start; ; white-space:pre-wrap;"" data-rte-preserve-empty=""true""><strong>Free UK delivery on all orders.</strong></p></li><li><p style=""text-align: start; ; white-space:pre-wrap;"" data-rte-preserve-empty=""true""><strong>Worldwide shipping</strong> available at checkout.</p></li></ul><h3 style=""text-align: start; ; white-space:pre-wrap;"" data-rte-preserve-empty=""true""><strong>Why You’ll Love It</strong></h3><p style=""text-align: start; ; white-space:pre-wrap;"" data-rte-preserve-empty=""true"">A refined expression of balance and design harmony, <em>Clarity</em> transforms geometric simplicity into a statement of calm precision. Perfect for modern interiors, collectors of design-led art, and admirers of Bauhaus minimalism reimagined for the present day.</p>",SQ3180542,,,Size,A3+,,,,,,,,,,,20,0,No,50,"/art-prints, /sightlines","fine art print, charcoal art, contemporary wall art, minimalist decor, black and white print, modern art, home interior, collectible art, premium print, AI Love You, luxury home decor, matte print, glossy print, gift for art lovers, limited edition, framed art, modern living room decor, office decor, bauhaus, puzzle, colourful, geometric, british, style: geometric-bauhaus, series: sightlines, palette: vivid, orientation: portrait, geometry: circle, rectangle, semicircle, bar, cross, gridlines, technique: overlap, transparency, alignment-lines, layering, composition: centered, axial, balanced, finish-feel: clean, high-contrast, flat-colour, negative-space: strong, size: A3+, A3, A4, A5, limited-150, paper: archival-matte",0.55,19,13,0,Yes,https://images.squarespace-cdn.com/content/v1/6877c92b70427e6c159ede38/8f4e7ceb-1080-4768-bca0-9441aaf367eb/Clarity+A3.png https://images.squarespace-cdn.com/content/v1/6877c92b70427e6c159ede38/cc668404-e9f3-4a52-9f92-5e6ed806cb47/Clarity+Wall+Mounted.png https://images.squarespace-cdn.com/content/v1/6877c92b70427e6c159ede38/29a103e9-43fe-414f-bdd9-ede4bbbbdab2/Clarity+%28size+comparison%2C+no+frame%29.jpg
,3dc08ae1-6aa6-455e-acdc-ca422058625b,,,,,,SQ4778585,,,Size,A3,,,,,,,,,,,15,0,No,50,,,0.46,16.5,11.7,0,,
,0760b1f5-4eb6-4959-bad8-f04d29822889,,,,,,SQ3732623,,,Size,A4,,,,,,,,,,,10,0,No,30,,,0.26,11.7,8.3,0,,
,d29273c0-373f-4103-a9ec-61ae3444f041,,,,,,SQ5321583,,,Size,A5,,,,,,,,,,,8,0,No,20,,,0.15,8.3,5.8,0,,
68f2504f36b01c6f5d9ddfed,a809edd7-1f5c-4a0f-aea9-dc0d6051f7a7,PHYSICAL,shop,vision-sightlines,“Vision” | Sightlines Series,"<p style=""text-align: start; ; white-space:pre-wrap;"" data-rte-preserve-empty=""true""><em>by AI Love You</em></p><p style=""text-align: start; ; white-space:pre-wrap;"" data-rte-preserve-empty=""true"">“Vision”<span> builds upon the interplay of geometry and perception, offering a refined exploration of layered form and colour. Inspired by Bauhaus principles, its intersecting planes of red, blue, yellow, and green reveal harmony through contrast; a dialogue between balance and expansion. The composition introduces new diagonals and spatial shifts, suggesting forward motion and clarity of thought. In </span><em>Vision</em><span>, structure meets imagination, inviting the viewer to see precision not as constraint, but as possibility.</span></p><h3 style=""text-align: start; ; white-space:pre-wrap;"" data-rte-preserve-empty=""true""><strong>Product Details</strong></h3><h4 style=""text-align: start; ; white-space:pre-wrap;"" data-rte-preserve-empty=""true""><strong>Available Sizes:</strong></h4><ul data-rte-list=""true""><li><p style=""text-align: start; ; white-space:pre-wrap;"" data-rte-preserve-empty=""true"">A3+, A3, A4, and A5</p></li></ul><h4 style=""text-align: start; ; white-space:pre-wrap;"" data-rte-preserve-empty=""true""><strong>Paper:</strong></h4><ul data-rte-list=""true""><li><p style=""white-space:pre-wrap;"" data-rte-preserve-empty=""true""><strong>Epson Archival Matte</strong> – a smooth, fine-art surface with soft texture and natural depth.</p></li></ul><h4 style=""text-align: start; ; white-space:pre-wrap;"" data-rte-preserve-empty=""true""><strong>Ink Longevity:</strong></h4><ul data-rte-list=""true""><li><p style=""text-align: start; ; white-space:pre-wrap;"" data-rte-preserve-empty=""true"">Printed using <strong>Epson Claria photo inks</strong> (pigment + dye blend) on Epson professional papers.</p></li><li><p style=""white-space:pre-wrap;"" data-rte-preserve-empty=""true""><em>Archival Matte:</em> Display life ≈150–180 years behind UV-filtered glass; &gt;200 years in archival storage.<br><em>(Based on Wilhelm Imaging Research (2025) testing using Claria inks.)</em></p></li></ul><h4 style=""text-align: start; ; white-space:pre-wrap;"" data-rte-preserve-empty=""true""><strong>Packaging:</strong></h4><ul data-rte-list=""true""><li><p style=""white-space:pre-wrap;"" data-rte-preserve-empty=""true"">A3+–A5 prints ship <strong>flat</strong> in rigid, hard-backed envelopes with acid-free interleaving, corner reinforcement, and a moisture-resistant sleeve (<strong>Do Not Bend</strong>).</p></li></ul><h4 style=""text-align: start; ; white-space:pre-wrap;"" data-rte-preserve-empty=""true""><strong>Shipping:</strong></h4><ul data-rte-list=""true""><li><p style=""text-align: start; ; white-space:pre-wrap;"" data-rte-preserve-empty=""true""><strong>Free UK delivery on all orders.</strong></p></li><li><p style=""text-align: start; ; white-space:pre-wrap;"" data-rte-preserve-empty=""true""><strong>Worldwide shipping </strong>available at checkout.</p></li></ul><h4 style=""text-align: start; ; white-space:pre-wrap;"" data-rte-preserve-empty=""true""><strong>Why You’ll Love It:</strong></h4><p style=""text-align: start; ; white-space:pre-wrap;"" data-rte-preserve-empty=""true"">A refined expression of balance and design harmony, <em>Vision</em> transforms geometric simplicity into a statement of calm precision. Perfect for modern interiors, collectors of design-led art, and admirers of Bauhaus minimalism reimagined for the present day.</p>",SQ3578917,,,Size,A3+,,,,,,,,,,,20,0,No,Unlimited,"/art-prints, /sightlines","fine art print, charcoal art, contemporary wall art, minimalist decor, black and white print, modern art, home interior, collectible art, premium print, AI Love You, luxury home decor, matte print, glossy print, gift for art lovers, limited edition, framed art, modern living room decor, office decor, bauhaus, puzzle, colourful, geometric, british, style: geometric-bauhaus, series: sightlines, palette: vivid, orientation: portrait, geometry: circle, rectangle, semicircle, bar, cross, gridlines, technique: overlap, transparency, alignment-lines, layering, composition: centered, axial, balanced, finish-feel: clean, high-contrast, flat-colour, negative-space: strong, size: A3+, A3, A4, A5, paper: archival-matte",0.55,19,13,0,Yes,https://images.squarespace-cdn.com/content/v1/6877c92b70427e6c159ede38/1d8387cc-2111-41be-ae78-c548f4f61198/Vision+A3.png https://images.squarespace-cdn.com/content/v1/6877c92b70427e6c159ede38/9321fa08-249c-4449-a8b0-954c00250269/Vision+Wall+Mounted.png https://images.squarespace-cdn.com/content/v1/6877c92b70427e6c159ede38/884806fe-aaf3-4fb7-9764-eb3230c501ed/Vision+Size+Comparison.png
,1000815b-4e88-4679-b5de-1bfec4f0d8b7,,,,,,SQ8086680,,,Size,A3,,,,,,,,,,,15,0,No,Unlimited,,,0.46,16.5,11.7,0,,
,131edfd5-d3d0-41f6-a24a-be8a25eb1714,,,,,,SQ9484008,,,Size,A4,,,,,,,,,,,10,0,No,Unlimited,,,0.26,11.7,8.3,0,,
,0c6cc94b-35a8-469f-a329-d803f178a07f,,,,,,SQ6236091,,,Size,A5,,,,,,,,,,,8,0,No,Unlimited,,,0.15,8.3,5.8,0,,
68f25e49d19b9e47744a1857,30f591af-2f56-4a4f-80a9-64f6588b44e8,PHYSICAL,shop,perception-sightlines,“Perception” | Sightlines Series,"<p style=""text-align: start; ; white-space:pre-wrap;"" data-rte-preserve-empty=""true""><em>by AI Love You</em></p><p style=""text-align: start; ; white-space:pre-wrap;"" data-rte-preserve-empty=""true""><strong>“Perception”</strong><span>examines how structure and transparency influence what we see, and what we understand. Building on the visual language of Bauhaus geometry, intersecting circles, rectangles, and lines converge in a study of layered clarity. Muted tones of red, yellow, green, and teal blend with shadowed transparency, inviting the eye to shift between precision and illusion. </span><em>Perception</em><span> transforms simplicity into insight; an exploration of how balance and alignment shape both vision and thought.</span></p><p style=""text-align: start; ; white-space:pre-wrap;"" data-rte-preserve-empty=""true""><strong>Limited to 150 individual numbered prints. </strong></p><h3 style=""text-align: start; ; white-space:pre-wrap;"" data-rte-preserve-empty=""true""><strong>Product Details</strong></h3><h4 style=""text-align: start; ; white-space:pre-wrap;"" data-rte-preserve-empty=""true""><strong>Available Sizes:</strong></h4><ul data-rte-list=""true""><li><p style=""text-align: start; ; white-space:pre-wrap;"" data-rte-preserve-empty=""true"">A3+, A3, A4, and A5</p></li></ul><h4 style=""text-align: start; ; white-space:pre-wrap;"" data-rte-preserve-empty=""true""><strong>Paper Options:</strong></h4><ul data-rte-list=""true""><li><p style=""white-space:pre-wrap;"" data-rte-preserve-empty=""true""><strong>Epson Archival Matte</strong> – a smooth, fine-art surface with soft texture and natural depth.</p></li></ul><h4 style=""text-align: start; ; white-space:pre-wrap;"" data-rte-preserve-empty=""true""><strong>Ink Longevity:</strong></h4><ul data-rte-list=""true""><li><p style=""text-align: start; ; white-space:pre-wrap;"" data-rte-preserve-empty=""true"">Printed using <strong>Epson Claria photo inks</strong> (pigment + dye blend) on Epson professional papers.</p></li><li><p style=""white-space:pre-wrap;"" data-rte-preserve-empty=""true""><em>Archival Matte:</em> Display life ≈150–180 years behind UV-filtered glass; &gt;200 years in archival storage.<br><em>(Based on Wilhelm Imaging Research (2025) testing using Claria inks.)</em></p></li></ul><h4 style=""text-align: start; ; white-space:pre-wrap;"" data-rte-preserve-empty=""true""><strong>Packaging:</strong></h4><ul data-rte-list=""true""><li><p style=""white-space:pre-wrap;"" data-rte-preserve-empty=""true"">A3+–A5 prints ship <strong>flat</strong> in rigid, hard-backed envelopes with acid-free interleaving, corner reinforcement, and a moisture-resistant sleeve (<strong>Do Not Bend</strong>).</p></li><li><p style=""white-space:pre-wrap;"" data-rte-preserve-empty=""true""><strong>Certificate of Authenticity</strong> included for limited run prints.</p></li></ul><h4 style=""text-align: start; ; white-space:pre-wrap;"" data-rte-preserve-empty=""true""><strong>Shipping:</strong></h4><ul data-rte-list=""true""><li><p style=""text-align: start; ; white-space:pre-wrap;"" data-rte-preserve-empty=""true""><strong>Free UK delivery on all orders.</strong></p></li><li><p style=""text-align: start; ; white-space:pre-wrap;"" data-rte-preserve-empty=""true""><strong>Worldwide shipping </strong>available at checkout.</p></li></ul><h3 style=""text-align: start; ; white-space:pre-wrap;"" data-rte-preserve-empty=""true""><strong>Why You’ll Love It</strong></h3><p style=""text-align: start; ; white-space:pre-wrap;"" data-rte-preserve-empty=""true""><span>A refined expression of balance and design harmony, </span><em><span>Perception</span></em><span> transforms geometric simplicity into a statement of calm precision. Perfect for modern interiors, collectors of design-led art, and admirers of Bauhaus minimalism reimagined for the present day.</span></p>",SQ1982077,,,Size,A3+,,,,,,,,,,,20,0,No,50,"/art-prints, /sightlines","fine art print, charcoal art, contemporary wall art, minimalist decor, black and white print, modern art, home interior, collectible art, premium print, AI Love You, luxury home decor, matte print, glossy print, gift for art lovers, framed art, modern living room decor, office decor, bauhaus, puzzle, colourful, geometric, british, style: geometric-bauhaus, palette: vivid, orientation: portrait, geometry: circle, rectangle, semicircle, bar, cross, gridlines, technique: overlap, transparency, alignment-lines, layering, composition: centered, axial, balanced, finish-feel: clean, high-contrast, flat-colour, negative-space: strong, size: A3+, A3, A4, A5, series: sightlines, limited-150, paper: archival-matte",0.55,19,13,0,Yes,https://images.squarespace-cdn.com/content/v1/6877c92b70427e6c159ede38/9aca3881-383f-43f0-935d-cbc89ae401eb/Perception+A3.png https://images.squarespace-cdn.com/content/v1/6877c92b70427e6c159ede38/a1d354cd-6523-4820-8462-09342ebcb4a8/Perception+Wall+Mounted.png https://images.squarespace-cdn.com/content/v1/6877c92b70427e6c159ede38/08ffcdfc-ca51-494f-aa1c-ff5186ec5460/Perception+Size+Comparison.png
,4b42afec-e23f-4faf-81f3-ce4614cf9964,,,,,,SQ1806484,,,Size,A3,,,,,,,,,,,15,0,No,50,,,0.46,16.5,11.7,0,,
,dda22c93-d66b-4ee6-bb36-04b2362219eb,,,,,,SQ2477855,,,Size,A4,,,,,,,,,,,10,0,No,30,,,0.26,11.7,8.3,0,,
,be7c1258-3dc5-4baf-b068-ee359abec63c,,,,,,SQ5597696,,,Size,A5,,,,,,,,,,,8,0,No,20,,,0.15,8.3,5.8,0,,
68f267d0b3c1ab7048c639b0,bfb7861d-b465-4cd2-b57a-75f366a7869b,PHYSICAL,shop,labyrinth-tessellate,“Labyrinth” | Tessellate Series,"<p style=""text-align: start; ; white-space:pre-wrap;"" data-rte-preserve-empty=""true""><em><span>By AI Love You,</span></em></p><p style=""text-align: start; ; white-space:pre-wrap;"" data-rte-preserve-empty=""true""><span>A vivid fusion of Bauhaus geometry, optical illusion, and playful discovery, Labyrinth invites the viewer into an ever-shifting world of pattern and perception. Each viewing reveals new shapes, subtle alignments, and hidden connections; an intricate puzzle rendered in bold, modern colour. Created through AI-human collaboration and printed with care and precision, this piece embodies both the mathematical clarity of design and the warmth of creative curiosity.</span></p><h3 style=""text-align: start; ; white-space:pre-wrap;"" data-rte-preserve-empty=""true""><strong>Product Details</strong></h3><h4 style=""text-align: start; ; white-space:pre-wrap;"" data-rte-preserve-empty=""true""><strong>Sizes:</strong></h4><ul data-rte-list=""true""><li><p style=""text-align: start; ; white-space:pre-wrap;"" data-rte-preserve-empty=""true"">A3+, A3, A4, and A5.</p></li></ul><h4 style=""text-align: start; ; white-space:pre-wrap;"" data-rte-preserve-empty=""true""><strong>Paper Options:</strong></h4><ul data-rte-list=""true""><li><p style=""text-align: start; ; white-space:pre-wrap;"" data-rte-preserve-empty=""true""><strong>Epson Archival Matte</strong> – a smooth, fine-art surface with soft texture and natural depth.</p></li></ul><h4 style=""text-align: start; ; white-space:pre-wrap;"" data-rte-preserve-empty=""true""><strong>Ink Longevity:</strong></h4><ul data-rte-list=""true""><li><p style=""text-align: start; ; white-space:pre-wrap;"" data-rte-preserve-empty=""true"">Printed using <strong>Epson Claria photo inks</strong> (pigment + dye blend) on <strong>Epson professional papers</strong>.</p></li><li><p style=""white-space:pre-wrap;"" data-rte-preserve-empty=""true""><em>Archival Matte</em>: Display life ≈150–180 years behind UV-filtered glass; &gt;200 years in archival storage.</p></li></ul><p style=""white-space:pre-wrap;"" data-rte-preserve-empty=""true"">(Based on <strong>Wilhelm Imaging Research (2025)</strong> testing using Claria inks.)</p><h4 style=""white-space:pre-wrap;"" data-rte-preserve-empty=""true""><strong>Packaging:</strong></h4><ul data-rte-list=""true""><li><p style=""white-space:pre-wrap;"" data-rte-preserve-empty=""true"">A3+–A5 prints are shipped <strong>flat</strong> in rigid, hard-backed envelopes with corner protectors and acid-free interleaving.</p></li></ul><h4 style=""white-space:pre-wrap;"" data-rte-preserve-empty=""true""><strong>Delivery:</strong></h4><ul data-rte-list=""true""><li><p style=""white-space:pre-wrap;"" data-rte-preserve-empty=""true""><strong>Free UK delivery</strong> on all orders.</p></li><li><p style=""white-space:pre-wrap;"" data-rte-preserve-empty=""true""><strong>Worldwide shipping</strong> available at checkout.</p></li></ul><h4 style=""text-align: start; ; white-space:pre-wrap;"" data-rte-preserve-empty=""true""><strong>Why You’ll Love It</strong></h4><p style=""text-align: start; ; white-space:pre-wrap;"" data-rte-preserve-empty=""true""><em>Labyrinth </em>balances precision and imagination, a statement artwork that invites conversation and rewards curiosity. Whether displayed in a modern home, studio, or creative space, it offers a new discovery with every glance.</p>",SQ7106705,,,Size,A3+,,,,,,,,,,,20,0,No,Unlimited,"/art-prints, /tessellate","fine art print, contemporary wall art, minimalist decor, black and white print, modern art, home interior, collectible art, premium print, British, AI Love You, luxury home decor, matte print, glossy print, gift for art lovers, limited edition, framed art, modern living room decor, office decor, bauhaus, puzzle, colourful, warm, style: monochrome-minimal, orientation: portrait, palette: warm, size: A3+, A3, A4, A5, series: tessellate, paper: archival-matte",0.55,19,13,0,Yes,https://images.squarespace-cdn.com/content/v1/6877c92b70427e6c159ede38/d9cd979d-4446-488f-a0c8-d92c72d41a7f/Labyrinth+%28Low+Res%29.png https://images.squarespace-cdn.com/content/v1/6877c92b70427e6c159ede38/b5d74112-c51d-4193-a96b-8e07c220ee8d/Labyrinth+On+Wall+A3%2B.png https://images.squarespace-cdn.com/content/v1/6877c92b70427e6c159ede38/5293b602-c483-4734-90c6-56eb2359fb6c/Labyrinth+%28size+comparison%29.jpg
,bfb7d4da-c266-4671-8dcc-60123d986164,,,,,,SQ0535528,,,Size,A3,,,,,,,,,,,15,0,No,Unlimited,,,0.46,16.5,11.7,0,,
,1680f681-7903-4848-875b-832ecee48e94,,,,,,SQ1183219,,,Size,A4,,,,,,,,,,,10,0,No,Unlimited,,,0.26,11.7,8.3,0,,
,f56a631e-dda3-4319-89a8-1fb910270f6a,,,,,,SQ9065833,,,Size,A5,,,,,,,,,,,8,0,No,Unlimited,,,0.15,8.3,5.8,0,,
68f29e343553446ccacacfe8,218d2bbe-ab89-4806-8a54-9f39f375fc91,PHYSICAL,shop,stillpoint-ink-reverie,“Stillpoint” | Ink Reverie Series,"<p style=""text-align: start; ; white-space:pre-wrap;"" data-rte-preserve-empty=""true""><strong>by AI Love You</strong></p><p style=""text-align: start; ; white-space:pre-wrap;"" data-rte-preserve-empty=""true""><em>“Stillpoint”</em><span> captures a moment of poised quiet, a single breath rendered in motion. A bold ink gesture arcs across the paper, its form tapering to stillness, counterbalanced by a delicate gold accent that introduces warmth and restraint. Drawing from the discipline of traditional sumi-e brushwork, </span><em>Stillpoint</em><span> celebrates the harmony between control and release, echoing the balance between thought and instinct.</span></p><h3 style=""text-align: start; ; white-space:pre-wrap;"" data-rte-preserve-empty=""true""><strong>Product Details</strong></h3><h4 style=""text-align: start; ; white-space:pre-wrap;"" data-rte-preserve-empty=""true""><strong>Available Sizes:</strong></h4><ul data-rte-list=""true""><li><p style=""text-align: start; ; white-space:pre-wrap;"" data-rte-preserve-empty=""true"">A3+, A3, A4, and A5</p></li></ul><h4 style=""text-align: start; ; white-space:pre-wrap;"" data-rte-preserve-empty=""true""><strong>Paper Options:</strong></h4><ul data-rte-list=""true""><li><p style=""white-space:pre-wrap;"" data-rte-preserve-empty=""true""><strong>Epson Archival Matte</strong> – a smooth, fine-art surface with soft texture and natural depth.</p></li></ul><h4 style=""text-align: start; ; white-space:pre-wrap;"" data-rte-preserve-empty=""true""><strong>Ink Longevity:</strong></h4><ul data-rte-list=""true""><li><p style=""text-align: start; ; white-space:pre-wrap;"" data-rte-preserve-empty=""true"">Printed using <strong>Epson Claria photo inks</strong> (pigment + dye blend) on Epson professional papers.</p></li><li><p style=""white-space:pre-wrap;"" data-rte-preserve-empty=""true""><em>Archival Matte:</em> Display life ≈150–180 years behind UV-filtered glass; &gt;200 years in archival storage.<br><em>(Based on Wilhelm Imaging Research (2025) testing using Claria inks.)</em></p></li></ul><h4 style=""text-align: start; ; white-space:pre-wrap;"" data-rte-preserve-empty=""true""><strong>Packaging:</strong></h4><ul data-rte-list=""true""><li><p style=""white-space:pre-wrap;"" data-rte-preserve-empty=""true"">A3+–A5 prints are shipped <strong>flat</strong> in rigid, hard-backed envelopes with corner protectors and acid-free interleaving.</p></li></ul><h4 style=""text-align: start; ; white-space:pre-wrap;"" data-rte-preserve-empty=""true""><strong>Shipping:</strong></h4><ul data-rte-list=""true""><li><p style=""text-align: start; ; white-space:pre-wrap;"" data-rte-preserve-empty=""true""><strong>Free UK delivery on all orders.</strong></p></li><li><p style=""text-align: start; ; white-space:pre-wrap;"" data-rte-preserve-empty=""true""><strong>Worldwide shipping </strong>available at checkout.</p></li></ul><h4 style=""text-align: start; ; white-space:pre-wrap;"" data-rte-preserve-empty=""true""><strong>Why You’ll Love It:</strong></h4><p style=""text-align: start; ; white-space:pre-wrap;"" data-rte-preserve-empty=""true"">Minimal yet expressive, <em>Stillpoint</em> bridges Eastern brush traditions with contemporary restraint. It brings a sense of meditative calm and timeless elegance to any space; ideal for collectors, creators, and design lovers seeking artwork that speaks through silence.</p>",SQ8797406,,,Size,A3+,,,,,,,,,,,20,0,No,Unlimited,"/ink-reverie, /art-prints","fine art print, charcoal art, contemporary wall art, minimalist decor, black and white print, modern art, home interior, collectible art, premium print, AI Love You, luxury home decor, matte print, glossy print, gift for art lovers, limited edition, framed art, modern living room decor, office decor, puzzle, colourful, sumi-e, ink, gold, british, style: ink-gesture, series: ink-reverie, medium: ink, technique: sumi-e, brushwork, wash, gesture: arc, stroke, calligraphic, mood: calm, poised, meditative, motif: abstract, motion, accent: none, negative-space: balanced, texture: soft-grain, palette: neutral, orientation: portrait, paper: archival-matte, size: A3+, A3, A4, A5",0.55,19,13,0,Yes,https://images.squarespace-cdn.com/content/v1/6877c92b70427e6c159ede38/04e0035f-e610-44bd-97a3-fb7ca2cf4ebb/Stillpoint+A3%2B+Low+Res.png https://images.squarespace-cdn.com/content/v1/6877c92b70427e6c159ede38/dd64a597-75a2-4bf3-861d-ed271cb6faff/Stillpoint+Wall+Mounted.png https://images.squarespace-cdn.com/content/v1/6877c92b70427e6c159ede38/511df25a-b254-4cc5-88c8-29ff25d47178/Stillpoint+Size+Comparison.png
,f747dbe4-0dbf-47e3-9dcd-bea4fc316d24,,,,,,SQ3019691,,,Size,A3,,,,,,,,,,,15,0,No,Unlimited,,,0.46,16.5,11.7,0,,
,e9f1baf8-8a7b-4f81-9fcd-7e844bc061de,,,,,,SQ4763186,,,Size,A4,,,,,,,,,,,10,0,No,Unlimited,,,0.26,11.7,8.3,0,,
,13ab34d6-5b7c-4a43-9d4c-536e14d052a0,,,,,,SQ7514341,,,Size,A5,,,,,,,,,,,8,0,No,Unlimited,,,0.15,8.3,5.8,0,,
68f2a93db5f86d777a479612,05ade8df-5e16-4077-92ee-87330318e245,PHYSICAL,shop,awake-ink-reverie,“Awake” | Ink Reverie Series,"<p style=""text-align: start; ; white-space:pre-wrap;"" data-rte-preserve-empty=""true""><em>by AI Love You</em></p><p style=""text-align: start; ; white-space:pre-wrap;"" data-rte-preserve-empty=""true""><em>“Awake”</em><span> captures the instant between silence and awakening; a single, fluid gesture that rises from stillness into awareness. The ink’s motion curves gracefully across the page, its dark form pulsing with quiet energy. A subtle gold point completes the composition, symbolising illumination and focus. Rooted in the discipline of traditional sumi-e brushwork, </span><em>Awake</em><span> reflects the moment where presence becomes movement, and contemplation gives way to creation.</span></p><h3 style=""text-align: start; ; white-space:pre-wrap;"" data-rte-preserve-empty=""true""><strong>Product Details</strong></h3><h4 style=""text-align: start; ; white-space:pre-wrap;"" data-rte-preserve-empty=""true""><strong>Available Sizes:</strong></h4><ul data-rte-list=""true""><li><p style=""text-align: start; ; white-space:pre-wrap;"" data-rte-preserve-empty=""true"">A3+, A3, A4, and A5</p></li></ul><h4 style=""text-align: start; ; white-space:pre-wrap;"" data-rte-preserve-empty=""true""><strong>Paper Options:</strong></h4><ul data-rte-list=""true""><li><p style=""white-space:pre-wrap;"" data-rte-preserve-empty=""true""><strong>Epson Archival Matte</strong> – a smooth, fine-art surface with soft texture and natural depth.</p></li></ul><h4 style=""text-align: start; ; white-space:pre-wrap;"" data-rte-preserve-empty=""true""><strong>Ink Longevity:</strong></h4><ul data-rte-list=""true""><li><p style=""text-align: start; ; white-space:pre-wrap;"" data-rte-preserve-empty=""true"">Printed using <strong>Epson Claria photo inks</strong> (pigment + dye blend) on Epson professional papers.</p></li><li><p style=""white-space:pre-wrap;"" data-rte-preserve-empty=""true""><em>Archival Matte:</em> Display life ≈150–180 years behind UV-filtered glass; &gt;200 years in archival storage.<br><em>(Based on Wilhelm Imaging Research (2025) testing using Claria inks.)</em></p></li></ul><h4 style=""text-align: start; ; white-space:pre-wrap;"" data-rte-preserve-empty=""true""><strong>Packaging:</strong></h4><ul data-rte-list=""true""><li><p style=""white-space:pre-wrap;"" data-rte-preserve-empty=""true"">A3+–A5 prints are shipped <strong>flat</strong> in rigid, hard-backed envelopes with corner protectors and acid-free interleaving.</p></li></ul><h4 style=""text-align: start; ; white-space:pre-wrap;"" data-rte-preserve-empty=""true""><strong>Shipping:</strong></h4><ul data-rte-list=""true""><li><p style=""text-align: start; ; white-space:pre-wrap;"" data-rte-preserve-empty=""true"">Free UK delivery on all orders.</p></li><li><p style=""text-align: start; ; white-space:pre-wrap;"" data-rte-preserve-empty=""true"">Worldwide shipping available at checkout.</p></li></ul><h4 style=""text-align: start; ; white-space:pre-wrap;"" data-rte-preserve-empty=""true""><strong>Why You’ll Love It:</strong></h4><p style=""text-align: start; ; white-space:pre-wrap;"" data-rte-preserve-empty=""true"">Minimal yet expressive, <em>Awake</em> bridges Eastern brush traditions with contemporary restraint. It brings a sense of meditative calm and timeless elegance to any space; ideal for collectors, creators, and design lovers seeking artwork that speaks through silence.</p>",SQ5183866,,,Size,A3+,,,,,,,,,,,20,0,No,Unlimited,"/ink-reverie, /art-prints","fine art print, charcoal art, contemporary wall art, minimalist decor, black and white print, modern art, home interior, collectible art, premium print, AI Love You, luxury home decor, matte print, glossy print, gift for art lovers, limited edition, framed art, modern living room decor, office decor, puzzle, colourful, sumi-e, ink, gold, british, style: ink-gesture, series: ink-reverie, medium: ink, technique: sumi-e, brushwork, wash, gesture: arc, stroke, calligraphic, mood: calm, poised, meditative, motif: abstract, motion, accent: none, negative-space: balanced, texture: soft-grain, palette: neutral, orientation: portrait, size: A3+, A3, A4, A5, paper: archival-matte",0.55,19,13,0,Yes,https://images.squarespace-cdn.com/content/v1/6877c92b70427e6c159ede38/658ab0c6-69f5-4246-bd07-88df560ff03f/Awake+A3%2B.png https://images.squarespace-cdn.com/content/v1/6877c92b70427e6c159ede38/62d67016-609e-4ab6-82c7-e2e2a9453c08/Awake+Wall+Mounted.png https://images.squarespace-cdn.com/content/v1/6877c92b70427e6c159ede38/2296ebd4-1d8f-4660-8085-b689ad0150a6/Awake+Size+Comparison.png
,2352babd-5466-4218-8b63-51ba61d81740,,,,,,SQ5179768,,,Size,A3,,,,,,,,,,,15,0,No,Unlimited,,,0.46,16.5,11.7,0,,
,b26b18c8-bb52-440b-9d5d-19ad6033f4f3,,,,,,SQ4214665,,,Size,A4,,,,,,,,,,,10,0,No,Unlimited,,,0.26,11.7,8.3,0,,
,f9b78076-eaf8-4e91-819d-38fe957dccbb,,,,,,SQ3677007,,,Size,A5,,,,,,,,,,,8,0,No,Unlimited,,,0.15,8.3,5.8,0,,
68f3a0b48ac3de145dd40686,a108bb2a-65cc-4124-8afd-d649c6a258de,PHYSICAL,shop,flow-ink-reverie,“Flow” | Ink Reverie Series,"<p style=""text-align: start; ; white-space:pre-wrap;"" data-rte-preserve-empty=""true""><em>by AI Love You</em></p><p style=""text-align: start; ; white-space:pre-wrap;"" data-rte-preserve-empty=""true""><em>“Flow”</em><span> distills the breath between intention and release: a twin-arc gesture that sweeps across white space, gathering momentum and letting it go. The ink deepens at the turn, then feathers to translucence, its grain revealing the quiet discipline of sumi-e practice. A small gold accent anchors the composition, a moment of clarity, focus, and calm, suggesting insight caught in motion. This work resides where poise becomes movement, and a single stroke holds both restraint and becoming.</span></p><h3 style=""text-align: start; ; white-space:pre-wrap;"" data-rte-preserve-empty=""true""><strong>Product Details</strong></h3><h4 style=""text-align: start; ; white-space:pre-wrap;"" data-rte-preserve-empty=""true""><strong>Available Sizes:</strong></h4><ul data-rte-list=""true""><li><p style=""text-align: start; ; white-space:pre-wrap;"" data-rte-preserve-empty=""true"">A3+, A3, A4, and A5</p></li></ul><h4 style=""text-align: start; ; white-space:pre-wrap;"" data-rte-preserve-empty=""true""><strong>Paper Options:</strong></h4><ul data-rte-list=""true""><li><p style=""white-space:pre-wrap;"" data-rte-preserve-empty=""true""><strong>Epson Archival Matte</strong> – a smooth, fine-art surface with soft texture and natural depth.</p></li></ul><h4 style=""text-align: start; ; white-space:pre-wrap;"" data-rte-preserve-empty=""true""><strong>Ink Longevity:</strong></h4><ul data-rte-list=""true""><li><p style=""text-align: start; ; white-space:pre-wrap;"" data-rte-preserve-empty=""true"">Printed using <strong>Epson Claria photo inks</strong> (pigment + dye blend) on Epson professional papers.</p></li><li><p style=""white-space:pre-wrap;"" data-rte-preserve-empty=""true""><em>Archival Matte:</em> Display life ≈150–180 years behind UV-filtered glass; &gt;200 years in archival storage.<br>(Based on <strong>Wilhelm Imaging Research (2025) </strong>testing.)</p></li></ul><h4 style=""text-align: start; ; white-space:pre-wrap;"" data-rte-preserve-empty=""true""><strong>Packaging:</strong></h4><ul data-rte-list=""true""><li><p style=""text-align: start; ; white-space:pre-wrap;"" data-rte-preserve-empty=""true""><strong>A3+ to A5 prints:</strong><span> shipped flat in rigid, protective mailers with corner reinforcement and interleaving to prevent scuffing.</span></p></li></ul><h4 style=""text-align: start; ; white-space:pre-wrap;"" data-rte-preserve-empty=""true""><strong>Shipping:</strong></h4><ul data-rte-list=""true""><li><p style=""text-align: start; ; white-space:pre-wrap;"" data-rte-preserve-empty=""true""><strong>Free UK delivery on all orders.</strong></p></li><li><p style=""text-align: start; ; white-space:pre-wrap;"" data-rte-preserve-empty=""true""><strong>Worldwide shipping</strong> available at checkout.</p></li></ul><h3 style=""text-align: start; ; white-space:pre-wrap;"" data-rte-preserve-empty=""true""><strong>Why You’ll Love It</strong></h3><p style=""text-align: start; ; white-space:pre-wrap;"" data-rte-preserve-empty=""true"">Minimal yet expressive, <em>Flow</em> bridges Eastern brush traditions with contemporary restraint. It brings a sense of meditative calm and timeless elegance to any space; ideal for collectors, creators, and design lovers seeking artwork that speaks through silence.</p>",SQ7684792,,,Size,A3+,,,,,,,,,,,20,0,No,Unlimited,"/ink-reverie, /art-prints","fine art print, charcoal art, contemporary wall art, minimalist decor, black and white print, modern art, home interior, collectible art, premium print, British, AI Love You, luxury home decor, matte print, glossy print, gift for art lovers, limited edition, framed art, modern living room decor, office decor, puzzle, colourful, sumi-e, ink, gold, style: ink-gesture, series: ink-reverie, medium: ink, technique: sumi-e, brushwork, wash, gesture: arc, stroke, calligraphic, mood: calm, poised, meditative, motif: abstract, motion, accent: none, negative-space: balanced, texture: soft-grain, palette: neutral, orientation: portrait, size: A3+, A3, A4, A5, paper: archival-matte",0.55,19,13,0,Yes,https://images.squarespace-cdn.com/content/v1/6877c92b70427e6c159ede38/c11d0f27-89d0-4d8d-810d-5152a1d93a8a/Flow+A3%2B.png https://images.squarespace-cdn.com/content/v1/6877c92b70427e6c159ede38/bfb447bb-4892-48fe-bbb3-9e2f74c054ff/Flow+on+Wall.png https://images.squarespace-cdn.com/content/v1/6877c92b70427e6c159ede38/3f58e0aa-bec9-4128-b238-dca9bfb41bd9/Flow+Size+Comparison.png
,f97d78cb-a584-4461-aae7-14fbfcee79b1,,,,,,SQ9720034,,,Size,A3,,,,,,,,,,,15,0,No,Unlimited,,,0.46,16.5,11.7,0,,
,be0297dd-40a8-4b9a-becf-87f0b7bb9a14,,,,,,SQ9233133,,,Size,A4,,,,,,,,,,,10,0,No,Unlimited,,,0.26,11.7,8.3,0,,
,cffe7f75-61c5-48f1-9367-3967473287fb,,,,,,SQ5506981,,,Size,A5,,,,,,,,,,,8,0,No,Unlimited,,,0.15,8.3,5.8,0,,
68f3a98210c8983048846d53,5f123ff4-1354-47ce-a7f4-c972fc94f6b2,PHYSICAL,shop,prism-light-logic,“Prism” | Light Logic Series,"<p style=""text-align: start; ; white-space:pre-wrap;"" data-rte-preserve-empty=""true""><em>by AI Love You</em></p><p style=""text-align: start; ; white-space:pre-wrap;"" data-rte-preserve-empty=""true""><em>“Prism” </em>transforms geometry into light. Planes, cubes and prisms overlap like glass in motion, sending teal-to-amber beams across a deep field. Edges glow; gradients breathe. Influenced by Escher’s structural clarity and refracted through modern colour, this work captures the sensation of light building space; kinetic, prismatic, precise.</p><h3 style=""text-align: start; ; white-space:pre-wrap;"" data-rte-preserve-empty=""true"">Product Details</h3><h4 style=""text-align: start; ; white-space:pre-wrap;"" data-rte-preserve-empty=""true""><strong>Available Sizes:</strong></h4><ul data-rte-list=""true""><li><p style=""text-align: start; ; white-space:pre-wrap;"" data-rte-preserve-empty=""true"">A3+, A3, A4, A5 (portrait)</p></li></ul><h4 style=""text-align: start; ; white-space:pre-wrap;"" data-rte-preserve-empty=""true""><strong>Paper</strong>:</h4><ul data-rte-list=""true""><li><p style=""white-space:pre-wrap;"" data-rte-preserve-empty=""true""><strong>Epson Archival Matte</strong><span> — a smoother, design-forward look with softer blacks.</span></p></li></ul><h4 style=""text-align: start; ; white-space:pre-wrap;"" data-rte-preserve-empty=""true""><strong>Printing:</strong></h4><ul data-rte-list=""true""><li><p style=""text-align: start; ; white-space:pre-wrap;"" data-rte-preserve-empty=""true"">Printed in-house using a Pigment and Dye ink combination using Epson Claria technology, individually colour-managed for each paper. Smooth tonal ramps preserve the delicate gradients and transparency effects.</p></li></ul><h4 style=""text-align: start; ; white-space:pre-wrap;"" data-rte-preserve-empty=""true""><strong>Longevity:</strong></h4><ul data-rte-list=""true""><li><p style=""white-space:pre-wrap;"" data-rte-preserve-empty=""true""><em>Archival Matte:</em><span> display life ≈ </span><strong>150–180 years</strong><span> behind UV-filtered glass; </span><strong>&gt;200 years</strong><span> in archival storage.</span><br>(Based on <strong>Wilhelm Imaging Research (2025) </strong>testing.)</p></li></ul><h4 style=""text-align: start; ; white-space:pre-wrap;"" data-rte-preserve-empty=""true""><strong>Packaging:</strong></h4><ul data-rte-list=""true""><li><p style=""white-space:pre-wrap;"" data-rte-preserve-empty=""true"">A3+–A5 prints are shipped <strong>flat</strong> in rigid, hard-backed envelopes with corner protectors and acid-free interleaving.</p></li><li><p style=""white-space:pre-wrap;"" data-rte-preserve-empty=""true"">Sealed in a moisture-resistant sleeve with <strong>“Do Not Bend”</strong> reinforcement.</p></li></ul><h4 style=""white-space:pre-wrap;"" data-rte-preserve-empty=""true""><strong>Shipping:</strong></h4><ul data-rte-list=""true""><li><p style=""white-space:pre-wrap;"" data-rte-preserve-empty=""true""><strong>Free UK delivery on all orders.</strong></p></li><li><p style=""white-space:pre-wrap;"" data-rte-preserve-empty=""true""><strong>Worldwide shipping </strong>available at checkout.</p></li></ul><p style=""text-align: start; ; white-space:pre-wrap;"" data-rte-preserve-empty=""true""><strong>Why You’ll Love It</strong><br>A precise, contemporary statement piece that feels both engineered and luminous. “Prism” brings dynamic energy to modern interiors; ideal above a desk, in a studio, or as the focal point of a gallery wall.</p>",SQ8298417,,,Size,A3+,,,,,,,,,,,20,0,No,Unlimited,"/light-logic, /art-prints","fine art print, charcoal art, contemporary wall art, minimalist decor, black and white print, modern art, home interior, collectible art, premium print, British, AI Love You, luxury home decor, matte print, glossy print, gift for art lovers, limited edition, framed art, modern living room decor, office decor, colourful, ink, light, semigloss, style: light-optical, series: light-logic, palette: vivid, orientation: portrait, paper: archival-matte",0.55,19,13,0,Yes,https://images.squarespace-cdn.com/content/v1/6877c92b70427e6c159ede38/e58b4ac9-a30c-4b83-bd90-68b65518afb5/Prism+A3%2B.png https://images.squarespace-cdn.com/content/v1/6877c92b70427e6c159ede38/a9f3344e-bdfe-4609-ad89-5dd6663bb2af/Prism+on+Wall.png https://images.squarespace-cdn.com/content/v1/6877c92b70427e6c159ede38/f92c813b-8eec-42c8-ac8a-91df089a6b0b/Prism+Size+Comparison.png
,6cd4a5f2-f91a-4290-a6f1-f14bcaba11bc,,,,,,SQ7494614,,,Size,A3,,,,,,,,,,,15,0,No,Unlimited,,,0.46,16.5,11.7,0,,
,489889c6-cb2f-4c84-afb6-9d7c731bfa5a,,,,,,SQ1710303,,,Size,A4,,,,,,,,,,,10,0,No,Unlimited,,,0.26,11.7,8.3,0,,
,8ac3a26b-2023-4e7a-91e2-0b0259738494,,,,,,SQ1520236,,,Size,A5,,,,,,,,,,,8,0,No,Unlimited,,,0.15,8.3,5.8,0,,
68f3af3828b20f12d50f9b08,c687e22a-d1f9-4724-a833-ad73182c198d,PHYSICAL,shop,beam-light-logic,“Beam” | Light Logic Series,"<p style=""text-align: start; ; white-space:pre-wrap;"" data-rte-preserve-empty=""true""><em>by AI Love You</em></p><p style=""text-align: start; ; white-space:pre-wrap;"" data-rte-preserve-empty=""true""><em>“Beam”</em> refracts structure into colour. Faceted planes and glass-like prisms rise and intersect, carrying a cool spectral ray across a deep indigo field. Transparency, shadow and gradient unspool in layers, kinetic yet precise, echoing Escher’s disciplined geometry through a modern, prismatic lens. The result is light-as-architecture: movement held in form.</p><h3 style=""text-align: start; ; white-space:pre-wrap;"" data-rte-preserve-empty=""true"">Product Details</h3><h4 style=""text-align: start; ; white-space:pre-wrap;"" data-rte-preserve-empty=""true""><strong>Available Sizes:</strong></h4><ul data-rte-list=""true""><li><p style=""text-align: start; ; white-space:pre-wrap;"" data-rte-preserve-empty=""true"">A3+, A3, A4, and A5.</p></li></ul><h4 style=""text-align: start; ; white-space:pre-wrap;"" data-rte-preserve-empty=""true""><strong>Paper Options</strong>:</h4><ul data-rte-list=""true""><li><p style=""white-space:pre-wrap;"" data-rte-preserve-empty=""true""><strong>Epson Archival Matte</strong><span> — a smoother, design-forward look with softer blacks.</span></p></li></ul><h4 style=""text-align: start; ; white-space:pre-wrap;"" data-rte-preserve-empty=""true""><strong>Print Longevity:</strong></h4><ul data-rte-list=""true""><li><p style=""text-align: start; ; white-space:pre-wrap;"" data-rte-preserve-empty=""true"">Printed using pigment and dye-based Epson Claria photo inks on Epson professional papers.</p></li><li><p style=""white-space:pre-wrap;"" data-rte-preserve-empty=""true""><em>Archival Matte:</em><span> display life ≈ </span><strong>150–180 years</strong><span> behind UV-filtered glass; </span><strong>&gt;200 years</strong><span> in archival storage.</span><br>(Based on <strong>Wilhelm Imaging Research (2025)</strong> testing.)</p></li></ul><h4 style=""text-align: start; ; white-space:pre-wrap;"" data-rte-preserve-empty=""true""><strong>Packaging:</strong></h4><ul data-rte-list=""true""><li><p style=""white-space:pre-wrap;"" data-rte-preserve-empty=""true"">A3+–A5 prints ship <strong>flat</strong> in rigid, hard-backed envelopes with acid-free interleaving, corner reinforcement and a moisture-resistant sleeve (<strong>Do Not Bend</strong>).</p></li></ul><h4 style=""white-space:pre-wrap;"" data-rte-preserve-empty=""true""><strong>Shipping:</strong></h4><ul data-rte-list=""true""><li><p style=""white-space:pre-wrap;"" data-rte-preserve-empty=""true"">Free UK delivery on all orders.</p></li><li><p style=""white-space:pre-wrap;"" data-rte-preserve-empty=""true"">Worldwide shipping available at checkout.</p></li></ul><h4 style=""text-align: start; ; white-space:pre-wrap;"" data-rte-preserve-empty=""true""><strong>Why You’ll Love It:</strong></h4><p style=""text-align: start; ; white-space:pre-wrap;"" data-rte-preserve-empty=""true"">A confident, contemporary statement piece: luminous, layered and impeccably structured. “Beam” brings dynamic energy to modern interiors, which are perfect as a solo focal point or paired with <em>Prism</em> for a cohesive Light Logic set.</p>",SQ8375041,,,Size,A3+,,,,,,,,,,,20,0,No,Unlimited,"/light-logic, /art-prints","fine art print, contemporary wall art, minimalist decor, modern art, home interior, collectible art, premium print, AI Love You, luxury home decor, matte print, glossy print, gift for art lovers, limited edition, framed art, modern living room decor, office decor, colourful, ink, light, glass, purple, british, style: light-optical, series: light-logic, palette: cool, orientation: portrait, size: A3+, A3, A4, A5, paper: archival-matte",0.55,19,13,0,Yes,https://images.squarespace-cdn.com/content/v1/6877c92b70427e6c159ede38/97d80c4f-2cf7-4a1f-8cf8-78d5fd852276/Beam+A3.png https://images.squarespace-cdn.com/content/v1/6877c92b70427e6c159ede38/de0e5e9e-3a8d-4e20-84d6-09e614497608/Beam+Wall+Mounted.png https://images.squarespace-cdn.com/content/v1/6877c92b70427e6c159ede38/ff7b4370-cfe5-4406-8345-c9ff0d6ddcb2/Beam+Size+comparison+paper.png
,dc85abdc-9361-4cdd-8723-3018cadf0422,,,,,,SQ8345040,,,Size,A3,,,,,,,,,,,15,0,No,Unlimited,,,0.46,16.5,11.7,0,,
,a4268631-6ef0-4807-9e09-e694e05b31b4,,,,,,SQ1434196,,,Size,A4,,,,,,,,,,,10,0,No,Unlimited,,,0.26,11.7,8.3,0,,
,8d2b898a-dfb3-429e-b5d1-f75c4e0532a4,,,,,,SQ6745172,,,Size,A5,,,,,,,,,,,8,0,No,Unlimited,,,0.15,8.3,5.8,0,,
68f3b6218457c367c8ff34c7,3ae960a3-cde2-46bd-a8a8-c329a992724f,PHYSICAL,shop,horizon-light-logic,“Horizon” | Light Logic Series,"<p style=""text-align: start; ; white-space:pre-wrap;"" data-rte-preserve-empty=""true""><em>by AI Love You</em></p><p style=""text-align: start; ; white-space:pre-wrap;"" data-rte-preserve-empty=""true""><em>“Horizon”</em> channels prismatic colour into structure. Translucent planes, beams and glass-like forms cross in bright cyan, citrus, and sunlit coral, opening the composition like morning light. Gradients breathe, edges stay precise; Escher’s geometry refracted through movement. It’s kinetic, modern and uplifting: light building space.</p><h3 style=""text-align: start; ; white-space:pre-wrap;"" data-rte-preserve-empty=""true"">Product Details</h3><h4 style=""text-align: start; ; white-space:pre-wrap;"" data-rte-preserve-empty=""true""><strong>Available Sizes:</strong></h4><ul data-rte-list=""true""><li><p style=""text-align: start; ; white-space:pre-wrap;"" data-rte-preserve-empty=""true"">A3+, A3, A4, and A5.</p></li></ul><h4 style=""text-align: start; ; white-space:pre-wrap;"" data-rte-preserve-empty=""true""><strong>Paper:</strong></h4><ul data-rte-list=""true""><li><p style=""white-space:pre-wrap;"" data-rte-preserve-empty=""true""><strong>Epson Archival Matte</strong><span> — a smoother, design-forward look with softer blacks.</span></p></li></ul><h4 style=""text-align: start; ; white-space:pre-wrap;"" data-rte-preserve-empty=""true""><strong>Printing:</strong></h4><ul data-rte-list=""true""><li><p style=""text-align: start; ; white-space:pre-wrap;"" data-rte-preserve-empty=""true"">Colour-managed in-house utilising a combination of Pigment and Dye-based Epson Claria  inks. Profiles and rendering intent are tuned for Archival Matte to preserve the glass-and-light effect without banding.</p></li></ul><h4 style=""text-align: start; ; white-space:pre-wrap;"" data-rte-preserve-empty=""true""><strong>Longevity:</strong></h4><ul data-rte-list=""true""><li><p style=""text-align: start; ; white-space:pre-wrap;"" data-rte-preserve-empty=""true""><em>Archival Matte:</em><span> display life ≈ </span><strong>150–180 years</strong><span> behind UV-filtered glass; </span><strong>&gt;200 years</strong><span> in archival storage.</span></p><p style=""text-align: start; ; white-space:pre-wrap;"" data-rte-preserve-empty=""true"">(<strong>Wilhelm Imaging Research, 2025</strong>) </p></li></ul><h4 style=""text-align: start; ; white-space:pre-wrap;"" data-rte-preserve-empty=""true""><strong>Packaging:</strong></h4><ul data-rte-list=""true""><li><p style=""white-space:pre-wrap;"" data-rte-preserve-empty=""true"">A3+–A5 prints ship <strong>flat</strong> in rigid, hard-backed envelopes with acid-free interleaving, corner reinforcement, and a moisture-resistant sleeve (<strong>Do Not Bend</strong>).</p></li></ul><h4 style=""white-space:pre-wrap;"" data-rte-preserve-empty=""true""><strong>Shipping:</strong></h4><ul data-rte-list=""true""><li><p style=""white-space:pre-wrap;"" data-rte-preserve-empty=""true""><strong>Free UK delivery.</strong></p></li><li><p style=""white-space:pre-wrap;"" data-rte-preserve-empty=""true""><strong>Worldwide shipping </strong>available at checkout.</p></li></ul><p style=""text-align: start; ; white-space:pre-wrap;"" data-rte-preserve-empty=""true""><strong>Why You’ll Love It:</strong><br>A bright, optimistic centrepiece that pairs effortlessly with <em>Prism</em> and <em>Beam</em>. <em>Horizon</em> brings punchy, colour-true energy to contemporary interiors; clean lines, luminous layers, and undeniable presence.</p>",SQ6259373,,,Size,A3+,,,,,,,,,,,20,0,No,Unlimited,"/light-logic, /art-prints","fine art print, charcoal art, contemporary wall art, minimalist decor, modern art, home interior, collectible art, premium print, British, AI Love You, luxury home decor, matte print, glossy print, gift for art lovers, limited edition, framed art, modern living room decor, office decor, colourful, ink, light, semigloss, glass, bright, light-logic, orientation: portrait, series: light and optical, style: light-optical, series: light-logic, palette: warm, size: A3+, A3, A4, A5, paper: archival-matte",0.55,19,13,0,Yes,https://images.squarespace-cdn.com/content/v1/6877c92b70427e6c159ede38/e79a8f6a-6263-4fa4-afbd-12e4e4c7f28b/Horizon+A3%2B.png https://images.squarespace-cdn.com/content/v1/6877c92b70427e6c159ede38/14c9ccb6-7606-452a-b084-8b6afb711e11/Horizon+Wall+Mounted.png https://images.squarespace-cdn.com/content/v1/6877c92b70427e6c159ede38/baeff8b8-bc7c-4191-955e-c4789f584c6d/Horizon+%28size+comparison%2C+no+frame%29.jpg
,aee8b53b-92ed-4fe6-afd2-3fca9545ec84,,,,,,SQ4303288,,,Size,A3,,,,,,,,,,,15,0,No,Unlimited,,,0.46,16.5,11.7,0,,
,348be1f7-d0f4-4a1d-af62-b24ba42ec23f,,,,,,SQ4314021,,,Size,A4,,,,,,,,,,,10,0,No,Unlimited,,,0.26,11.7,8.3,0,,
,3969b4db-2de4-4c51-92b6-1e37031994af,,,,,,SQ5801526,,,Size,A5,,,,,,,,,,,8,0,No,Unlimited,,,0.15,8.3,5.8,0,,
68fb9b58bcd06b4cfd2f9135,eab356cd-af49-4f45-b5dc-47e25c9fdff9,PHYSICAL,shop,umbrella-unexplained,“Umbrella” | Unexplained Series,"<p style=""white-space:pre-wrap;"" data-rte-preserve-empty=""true""><em>by AI Love You</em></p><h3 style=""text-align: start; ; white-space:pre-wrap;"" data-rte-preserve-empty=""true""><strong>Concept &amp; Series Theme</strong></h3><p style=""text-align: start; ; white-space:pre-wrap;"" data-rte-preserve-empty=""true""><br><strong>“Umbrella”</strong> sits inside our <em>Unexplained </em>series, comprising images inspired by modern folklore: <strong>strange figures in black suits</strong> who surface whenever the <strong>unexplained</strong> occurs. Here, a woman’s silhouette watches a suited man in the rain; he could be a passer-by, or an investigator of phenomena we’re not meant to see. The window becomes a threshold between the everyday and the uncanny.</p><h3 style=""text-align: start; ; white-space:pre-wrap;"" data-rte-preserve-empty=""true"">Product Details</h3><p style=""text-align: start; ; white-space:pre-wrap;"" data-rte-preserve-empty=""true""><strong>Available Sizes:</strong></p><ul data-rte-list=""true""><li><p style=""text-align: start; ; white-space:pre-wrap;"" data-rte-preserve-empty=""true"">A3+, A3, A4, and A5</p></li></ul><p style=""text-align: start; ; white-space:pre-wrap;"" data-rte-preserve-empty=""true""><strong>Paper:</strong></p><ul data-rte-list=""true""><li><p style=""white-space:pre-wrap;"" data-rte-preserve-empty=""true""><strong>Epson Premium Semigloss</strong> – deep, clean blacks and crisp micro-detail (raindrops, glass grain) with a subtle sheen that enhances the cinematic look.</p></li></ul><p style=""text-align: start; ; white-space:pre-wrap;"" data-rte-preserve-empty=""true""><strong>Ink Longevity:</strong></p><ul data-rte-list=""true""><li><p style=""text-align: start; ; white-space:pre-wrap;"" data-rte-preserve-empty=""true"">Printed with pigment and dye-based Epson Claria inks on Epson Premium Semigloss paper.</p></li><li><p style=""white-space:pre-wrap;"" data-rte-preserve-empty=""true"">Display life ≈ <strong>160 years</strong> behind UV-filtered glass; <strong>&gt;200 years</strong> in archival storage.<br><em>(Based on Wilhelm Imaging Research (2025) testing for Claria inks.)</em></p></li></ul><h4 style=""text-align: start; ; white-space:pre-wrap;"" data-rte-preserve-empty=""true"">Packaging:</h4><ul data-rte-list=""true""><li><p style=""white-space:pre-wrap;"" data-rte-preserve-empty=""true""><strong>Packaging:</strong> A3+–A5 prints ship flat in rigid, protective mailers with interleaving and corner reinforcement.</p></li></ul><h4 style=""text-align: start; ; white-space:pre-wrap;"" data-rte-preserve-empty=""true""> Shipping:</h4><ul data-rte-list=""true""><li><p style=""white-space:pre-wrap;"" data-rte-preserve-empty=""true""><strong>Free UK Shipping on all orders.</strong></p></li><li><p style=""white-space:pre-wrap;"" data-rte-preserve-empty=""true""><strong>Worldwide Shipping:</strong> Available at checkout.</p></li></ul><h3 style=""text-align: start; ; white-space:pre-wrap;"" data-rte-preserve-empty=""true"">Why You’ll Love It</h3><p style=""text-align: start; ; white-space:pre-wrap;"" data-rte-preserve-empty=""true"">A moody, <strong>mystery-driven</strong> composition that reads like a still from a noir—minimalist, elegant, and thought-provoking. Pair with other releases from this series for a cohesive wall set exploring the boundary between <strong>ordinary life</strong> and <strong>unexplained events</strong>.</p>",SQ3433153,,,Size,A3+,,,,,,,,,,,20,0,No,Unlimited,"/unexplained, /art-prints","fine art print, monochrome, contemporary wall art, minimalist decor, black and white print, modern art, home interior, collectible art, premium print, luxury home decor, glossy print, gift for art lovers, limited edition, framed art, modern living room decor, office decor, british, style: monochrome-minimal, motif: figure, motion, accent: none, texture: paper-tooth, soft-grain, palette: neutral, orientation: portrait, size: A3+, A3, A4, A5, ai love you, series: unexplained, medium: photography, mood: dark, sinister, unsettling, paper: premium-semigloss",0.55,19,13,0,Yes,https://images.squarespace-cdn.com/content/v1/6877c92b70427e6c159ede38/26dd6d38-cf97-4930-91e2-8a728a234170/Umbrella+%28low+res%29.jpg https://images.squarespace-cdn.com/content/v1/6877c92b70427e6c159ede38/c6512535-4c72-4914-9222-c7e1058603a9/Men+in+Black+%28Wall+Mounted%29.jpg https://images.squarespace-cdn.com/content/v1/6877c92b70427e6c159ede38/84a292e9-1960-408a-a963-6d6c2312cac5/Umbrella+%28size+comparison%29.jpg https://images.squarespace-cdn.com/content/v1/6877c92b70427e6c159ede38/7773912f-d56b-4934-befd-d3a2cce318c6/Umbrella+%28on+table%29+cropped.jpg https://images.squarespace-cdn.com/content/v1/6877c92b70427e6c159ede38/7773912f-d56b-4934-befd-d3a2cce318c6/Umbrella+%28on+table%29+cropped.jpg
,72801676-5f68-407d-b833-260e917036fd,,,,,,SQ8607423,,,Size,A3,,,,,,,,,,,15,0,No,Unlimited,,,0.46,16.5,11.7,0,,
,db2adeaf-636b-431b-b8a6-d3787b0b696b,,,,,,SQ8057605,,,Size,A4,,,,,,,,,,,10,0,No,Unlimited,,,0.26,11.7,8.3,0,,
,bef4410b-0e52-4f05-87d3-cc5caae7f23b,,,,,,SQ7560075,,,Size,A5,,,,,,,,,,,8,0,No,Unlimited,,,0.15,8.3,5.8,0,,
68fb9ffc27197324c5d9f254,ba3e35f9-12ec-4950-9416-e802028fd608,PHYSICAL,shop,solo-unexplained,“Solo” | Unexplained Series,"<p style=""white-space:pre-wrap;"" data-rte-preserve-empty=""true""><em>by AI Love You</em></p><h3 style=""text-align: start; ; white-space:pre-wrap;"" data-rte-preserve-empty=""true""><strong>Concept &amp; Series Theme</strong></h3><p style=""text-align: start; ; white-space:pre-wrap;"" data-rte-preserve-empty=""true""><strong>“Solo”</strong> belongs to <em>Unexplained</em>, images shaped by quiet anomalies and the sense that something just outside the frame has shifted. A lone figure stands in a sparse room; a narrow beam of light cuts across a marked wall, pooling on the floor like evidence. Empty chair, abandoned books, and the dissolving upper half of the scene invite questions rather than answers.</p><h3 style=""text-align: start; ; white-space:pre-wrap;"" data-rte-preserve-empty=""true"">Product Details</h3><p style=""text-align: start; ; white-space:pre-wrap;"" data-rte-preserve-empty=""true""><strong>Available Sizes:</strong></p><ul data-rte-list=""true""><li><p style=""text-align: start; ; white-space:pre-wrap;"" data-rte-preserve-empty=""true"">A3+, A3, A4, and A5.</p></li></ul><p style=""text-align: start; ; white-space:pre-wrap;"" data-rte-preserve-empty=""true""><strong>Paper:</strong></p><ul data-rte-list=""true""><li><p style=""white-space:pre-wrap;"" data-rte-preserve-empty=""true""><strong>Epson Premium Semigloss</strong> – deep, clean blacks, crisp detail in textures (wall marks, floor light), and a subtle sheen that heightens the cinematic atmosphere.</p></li></ul><p style=""text-align: start; ; white-space:pre-wrap;"" data-rte-preserve-empty=""true""><strong>Ink Longevity:</strong></p><ul data-rte-list=""true""><li><p style=""text-align: start; ; white-space:pre-wrap;"" data-rte-preserve-empty=""true"">Printed with pigment an dye-based Epson Claria inks on Epson Premium Semigloss.</p></li><li><p style=""white-space:pre-wrap;"" data-rte-preserve-empty=""true"">Display life ≈ <strong>160 years</strong> behind UV-filtered glass; <strong>&gt;200 years</strong> in archival storage.<br><em>(Based on Wilhelm Imaging Research (2025) testing for Claria inks.)</em></p></li></ul><h4 style=""text-align: start; ; white-space:pre-wrap;"" data-rte-preserve-empty=""true"">Packaging:</h4><ul data-rte-list=""true""><li><p style=""white-space:pre-wrap;"" data-rte-preserve-empty=""true"">A3+–A5 prints ship flat in rigid, protective mailers with interleaving and corner reinforcement.</p></li></ul><h4 style=""white-space:pre-wrap;"" data-rte-preserve-empty=""true"">Shipping:</h4><ul data-rte-list=""true""><li><p style=""white-space:pre-wrap;"" data-rte-preserve-empty=""true""><strong>Free UK Shipping on all orders.</strong></p></li><li><p style=""white-space:pre-wrap;"" data-rte-preserve-empty=""true""><strong>Worldwide Shipping:</strong> Available at checkout.</p></li></ul><h2 style=""text-align: start; ; white-space:pre-wrap;"" data-rte-preserve-empty=""true"">Why You’ll Love It</h2><p style=""text-align: start; ; white-space:pre-wrap;"" data-rte-preserve-empty=""true"">Minimalist, moody, and <strong>thought-provoking</strong>. “Solo” brings a gallery-grade noir sensibility to modern interiors; perfect alone on a clean wall or paired with other <em>Unexplained</em> works to build a slow-burn narrative.</p>",SQ3158205,,,Size,A3+,,,,,,,,,,,20,0,No,Unlimited,"/unexplained, /art-prints","fine art print, monochrome, contemporary wall art, minimalist decor, black and white print, modern art, home interior, collectible art, premium print, luxury home decor, glossy print, gift for art lovers, limited edition, framed art, modern living room decor, office decor, british, style: monochrome-minimal, motif: figure, motion, accent: none, texture: paper-tooth, soft-grain, palette: neutral, orientation: portrait, size: A3+, A3, A4, A5, ai love you, series: unexplained, medium: photography, mood: dark, sinister, unsettling, paper: premium-semigloss",0.55,19,13,0,Yes,https://images.squarespace-cdn.com/content/v1/6877c92b70427e6c159ede38/a703e172-8ac8-4851-9e8d-0cffe7822ed0/Solo+A3+%28low+res%29.jpg https://images.squarespace-cdn.com/content/v1/6877c92b70427e6c159ede38/af0bb9c6-4f67-4a01-aa50-cca947a0fa05/Solo+%28wall+hanging%29.jpg https://images.squarespace-cdn.com/content/v1/6877c92b70427e6c159ede38/3a3f5446-038c-4e9a-ae1f-30bdbe3f148f/Solo+%28size+comparison%29.jpg
,a474f2ad-4368-42c4-999e-6bafd7d3e907,,,,,,SQ4643871,,,Size,A3,,,,,,,,,,,15,0,No,Unlimited,,,0.46,16.5,11.7,0,,
,bd7d03c0-44f6-47fa-8d6a-97f9a96025e7,,,,,,SQ1321680,,,Size,A4,,,,,,,,,,,10,0,No,Unlimited,,,0.26,11.7,8.3,0,,
,0bf60085-424f-4605-80d7-212a9ddec7aa,,,,,,SQ5545212,,,Size,A5,,,,,,,,,,,8,0,No,Unlimited,,,0.15,8.3,5.8,0,,
68fba3814cd83b6078375607,2f99517b-42b5-4123-9725-df59554f8459,PHYSICAL,shop,dont-let-go-its-here,“Don't Let Go” | It's Here Series,"<p style=""white-space:pre-wrap;"" data-rte-preserve-empty=""true""><em>by AI Love You</em></p><h3 style=""text-align: start; ; white-space:pre-wrap;"" data-rte-preserve-empty=""true""><strong>Concept &amp; Series Theme</strong></h3><p style=""text-align: start; ; white-space:pre-wrap;"" data-rte-preserve-empty=""true""><strong>“Don’t Let Go”</strong> belongs to <em>It’s Here</em>, a body of work about presence in an always-on world. A young girl holds her father’s hand before a tall mirror. In the reflection, their older selves look down at phones; still together, yet subtly apart. Warm, sunlit colour planes on the left contrast with the cool, detached tones inside the mirror, underscoring the idea: <strong>stay in the moment, or connection can slip away without you noticing.</strong></p><h3 style=""text-align: start; ; white-space:pre-wrap;"" data-rte-preserve-empty=""true"">Product Details</h3><h4 style=""text-align: start; ; white-space:pre-wrap;"" data-rte-preserve-empty=""true""><strong>Available Sizes:</strong></h4><ul data-rte-list=""true""><li><p style=""text-align: start; ; white-space:pre-wrap;"" data-rte-preserve-empty=""true"">A3+, A3, A4, and A5.</p></li></ul><h4 style=""text-align: start; ; white-space:pre-wrap;"" data-rte-preserve-empty=""true"">Paper Type:</h4><ul data-rte-list=""true""><li><p style=""text-align: start; ; white-space:pre-wrap;"" data-rte-preserve-empty=""true""><strong>Epson Archival Matte</strong> – smooth fine-art surface with gentle texture, superb tonal control and soft, elegant blacks that suit the warm/cool palette without glare.</p></li></ul><h4 style=""text-align: start; ; white-space:pre-wrap;"" data-rte-preserve-empty=""true"">Ink Longevity:</h4><ul data-rte-list=""true""><li><p style=""text-align: start; ; white-space:pre-wrap;"" data-rte-preserve-empty=""true"">Printed with pigment and dye-based Epson <strong>Claria</strong> inks on Epson Archival Matte.</p></li><li><p style=""text-align: start; ; white-space:pre-wrap;"" data-rte-preserve-empty=""true"">Display life ≈ <strong>150–180 years</strong> behind UV-filtered glass; <strong>&gt;200 years</strong> in archival storage.<br><em>(Based on Wilhelm Imaging Research (2025) testing for Claria inks.)</em></p></li></ul><h4 style=""text-align: start; ; white-space:pre-wrap;"" data-rte-preserve-empty=""true""><strong>Packaging:</strong></h4><ul data-rte-list=""true""><li><p style=""text-align: start; ; white-space:pre-wrap;"" data-rte-preserve-empty=""true"">A3+–A5 prints ship flat in rigid, protective mailers with interleaving and corner reinforcement.</p></li></ul><h4 style=""text-align: start; ; white-space:pre-wrap;"" data-rte-preserve-empty=""true""><strong>Shipping:</strong></h4><ul data-rte-list=""true""><li><p style=""text-align: start; ; white-space:pre-wrap;"" data-rte-preserve-empty=""true""><strong>Free UK Shipping on all orders.</strong></p></li><li><p style=""text-align: start; ; white-space:pre-wrap;"" data-rte-preserve-empty=""true""><strong>Worldwide Shipping</strong> available at checkout.</p></li></ul><h4 style=""text-align: start; ; white-space:pre-wrap;"" data-rte-preserve-empty=""true"">Why You’ll Love It:</h4><p style=""text-align: start; ; white-space:pre-wrap;"" data-rte-preserve-empty=""true"">Uplifting yet thought-provoking, <strong>“Don’t Let Go”</strong> brings a bold, design-forward palette and clear storytelling to any space. It’s a gentle reminder to hold on; to hands, to moments, to each other. It pairs beautifully with other works from <em>It’s Here</em> for a cohesive, contemporary wall set.</p>",SQ3886414,,,Size,A3+,,,,,,,,,,,20,0,No,Unlimited,"/art-prints, /its-here","fine art print, contemporary wall art, minimalist decor, modern art, home interior, collectible art, premium print, luxury home decor, gift for art lovers, limited edition, framed art, modern living room decor, office decor, british, texture: paper-tooth, soft-grain, palette: neutral, size: A3+, A3, A4, A5, ai love you, series: it's-here, style: contemporary-illustration, paper: archival-matte, orientation: landscape, theme: presence, theme: connection",0.55,19,13,0,Yes,https://images.squarespace-cdn.com/content/v1/6877c92b70427e6c159ede38/baccf76d-8140-461d-bdfe-b68d3cf84a67/Don%27t+Let+Go+A3+%28low+res%29.jpg https://images.squarespace-cdn.com/content/v1/6877c92b70427e6c159ede38/f1c18810-ec7d-4fcc-ae6d-82b017a5a983/Don%27t+Let+Go+%28wall+hanging%29.jpg https://images.squarespace-cdn.com/content/v1/6877c92b70427e6c159ede38/8147ebbd-62d2-4036-9a4f-9608f7e54a40/Don%27t+Let+Go+%28size+comparison%29.jpg
,4bc50d6b-e494-451e-8bd3-55e82ae009ac,,,,,,SQ5516287,,,Size,A3,,,,,,,,,,,15,0,No,Unlimited,,,0.46,16.5,11.7,0,,
,afa103b5-683c-41eb-b6d6-a65088f5598e,,,,,,SQ8888048,,,Size,A4,,,,,,,,,,,10,0,No,Unlimited,,,0.26,11.7,8.3,0,,
,83c12352-f5cb-4672-884e-14a89f03e0a0,,,,,,SQ0156557,,,Size,A5,,,,,,,,,,,8,0,No,Unlimited,,,0.15,8.3,5.8,0,,
691265bbc66a29407901a26e,a982b793-7521-48ed-bf78-e45da5610d41,PHYSICAL,shop,patience-unexplained,“Patience” | Unexplained Series,"<p style=""white-space:pre-wrap;"" data-rte-preserve-empty=""true""><em>by AI Love You</em></p><h3 style=""text-align: start; ; white-space:pre-wrap;"" data-rte-preserve-empty=""true""><strong>Concept &amp; Series Theme</strong></h3><p style=""text-align: start; ; white-space:pre-wrap;"" data-rte-preserve-empty=""true""><strong>“Patience”</strong> captures that moment just before something happens. When everyone is in position and the night is holding its breath. A Route 66 diner glows against a 1990s sunset, mountains and forest fading into the background. In the foreground, an old black Lincoln idles, its driver smoking as two men in black quietly watch a couple talking in a booth inside. The ink and block-paint style, paired with a 90s neo-noir colour grade, gives the scene the feel of a film still from a thriller that never quite explains itself; a perfect fit for the Unexplained series.</p><h4 style=""text-align: start; ; white-space:pre-wrap;"" data-rte-preserve-empty=""true""><strong>Edition Statement:</strong></h4><ul data-rte-list=""true""><li><p style=""text-align: start; ; white-space:pre-wrap;"" data-rte-preserve-empty=""true"">Open edition art print, produced in small, carefully made batches in our UK studio.</p></li></ul><h3 style=""text-align: start; ; white-space:pre-wrap;"" data-rte-preserve-empty=""true"">Product Details</h3><h4 style=""text-align: start; ; white-space:pre-wrap;"" data-rte-preserve-empty=""true""><strong>Available Sizes (Landscape):</strong></h4><ul data-rte-list=""true""><li><p style=""text-align: start; ; white-space:pre-wrap;"" data-rte-preserve-empty=""true"">A3+, A3, A4 and A5</p></li></ul><h4 style=""text-align: start; ; white-space:pre-wrap;"" data-rte-preserve-empty=""true""><strong>Paper:</strong></h4><ul data-rte-list=""true""><li><p style=""white-space:pre-wrap;"" data-rte-preserve-empty=""true""><strong>Epson Archival Matte</strong> : a smooth, fine-art surface with soft texture and natural depth, ideal for graphic, cinematic work like <em>Patience</em>.</p></li></ul><h4 style=""text-align: start; ; white-space:pre-wrap;"" data-rte-preserve-empty=""true""><strong>Ink &amp; Longevity:</strong></h4><p style=""text-align: start; ; white-space:pre-wrap;"" data-rte-preserve-empty=""true"">Printed using pigment and dye-based Epson Claria photo inks on Epson Archival Matte paper.</p><ul data-rte-list=""true""><li><p style=""white-space:pre-wrap;"" data-rte-preserve-empty=""true"">Display life ≈ <strong>150–180 years</strong> behind UV-filtered glass</p></li><li><p style=""white-space:pre-wrap;"" data-rte-preserve-empty=""true"">Over <strong>200 years</strong> in archival storage<br>(Based on Wilhelm Imaging Research (2025) testing for Claria inks on comparable matte media.)</p></li></ul><h4 style=""text-align: start; ; white-space:pre-wrap;"" data-rte-preserve-empty=""true""><strong>Packaging:</strong></h4><ul data-rte-list=""true""><li><p style=""text-align: start; ; white-space:pre-wrap;"" data-rte-preserve-empty=""true"">A3+–A5 prints are shipped flat in rigid, hard-backed envelopes with protective interleaving and reinforced corners to keep your artwork perfectly safe from studio to doorstep.</p></li></ul><h4 style=""text-align: start; ; white-space:pre-wrap;"" data-rte-preserve-empty=""true""><strong>Shipping:</strong></h4><ul data-rte-list=""true""><li><p style=""white-space:pre-wrap;"" data-rte-preserve-empty=""true""><strong>Free UK delivery</strong> on all orders</p></li><li><p style=""white-space:pre-wrap;"" data-rte-preserve-empty=""true""><strong>Worldwide shipping</strong> available at checkout</p></li></ul><h4 style=""text-align: start; ; white-space:pre-wrap;"" data-rte-preserve-empty=""true""><strong>Why You’ll Love It:</strong></h4><p style=""text-align: start; ; white-space:pre-wrap;"" data-rte-preserve-empty=""true"">If you love slow-burn mysteries, 90s thrillers and the feeling that something important is happening just off-screen, <em>Patience</em> will sit perfectly on your wall. It’s a cinematic slice of the Unexplained universe ; all atmosphere, tension and unanswered questions. It’s designed to reward anyone who likes their artwork with a story behind it.a clean wall or paired with other <em>Unexplained</em> works to build a slow-burn narrative.</p>",SQ8886506,,,Size,A3+,,,,,,,,,,,20,0,No,Unlimited,"/unexplained, /art-prints","fine art print, monochrome, contemporary wall art, minimalist decor, black and white print, modern art, home interior, collectible art, premium print, luxury home decor, glossy print, gift for art lovers, limited edition, framed art, modern living room decor, office decor, british, style: monochrome-minimal, motif: figure, motion, accent: none, texture: paper-tooth, soft-grain, palette: neutral, orientation: portrait, size: A3+, A3, A4, A5, ai love you, series: unexplained, medium: photography, mood: dark, sinister, unsettling, paper: archival-matte, orientation: landscape, style: ink-block, palette: 1990s, mood: suspense, theme: diner, location: route-66, car: lincoln, lighting: sunset, colour: warm-magenta-teal, edition: open, print: fine-art, made-in-uk",0.55,19,13,0,Yes,https://images.squarespace-cdn.com/content/v1/6877c92b70427e6c159ede38/86f3bf83-8640-4f66-86dc-aa11576b3950/Patience+A3+%28low+res%29.jpg https://images.squarespace-cdn.com/content/v1/6877c92b70427e6c159ede38/1dc1d9be-a719-4795-8b0d-2ab20c3e55be/Patience+%28wall+mounted%29.jpg https://images.squarespace-cdn.com/content/v1/6877c92b70427e6c159ede38/85c85643-c619-40d9-a93f-56c96bc42db8/Patience+%28size+comparison%29.jpg
,a249e161-7fd7-4702-9f06-9d0bbb7cce48,,,,,,SQ3002351,,,Size,A3,,,,,,,,,,,15,0,No,Unlimited,,,0.46,16.5,11.7,0,,
,348fdd5e-a857-4c45-818b-5064815abb89,,,,,,SQ6854145,,,Size,A4,,,,,,,,,,,10,0,No,Unlimited,,,0.26,11.7,8.3,0,,
,b3649e31-4c0d-4e34-bca5-a0579db8406e,,,,,,SQ7064537,,,Size,A5,,,,,,,,,,,8,0,No,Unlimited,,,0.15,8.3,5.8,0,,
6915161052d9222277816df3,2a2302e9-404d-4634-85e9-a542467d3f15,PHYSICAL,shop,man-without-a-face-unexplained,“Man Without A Face” | Unexplained Series,"<p style=""white-space:pre-wrap;"" data-rte-preserve-empty=""true""><em>by AI Love You</em></p><h3 style=""text-align: start; ; white-space:pre-wrap;"" data-rte-preserve-empty=""true""><strong>Concept &amp; Series Theme</strong></h3><p style=""text-align: start; ; white-space:pre-wrap;"" data-rte-preserve-empty=""true""><strong>Man Without A Face</strong> captures that split-second between everyday and uncanny. The store doors sit ajar to a sunset street; a neon <strong>BODEGA</strong> sign hums in the distance; a clerk takes a call while a lone teen weighs up a tape. Framed like a film still with a long draw distance and near-field blur, the composition leans into neo-noir: warm sodium light against deep teal shadows and dusk orange sky.</p><h4 style=""text-align: start; ; white-space:pre-wrap;"" data-rte-preserve-empty=""true"">Available sizes</h4><ul data-rte-list=""true""><li><p style=""white-space:pre-wrap;"" data-rte-preserve-empty=""true""><strong>A3+</strong> (329 × 483 mm)</p></li><li><p style=""white-space:pre-wrap;"" data-rte-preserve-empty=""true""><strong>A3</strong> (297 × 420 mm)</p></li><li><p style=""white-space:pre-wrap;"" data-rte-preserve-empty=""true""><strong>A4</strong> (210 × 297 mm)</p></li><li><p style=""white-space:pre-wrap;"" data-rte-preserve-empty=""true""><strong>A5</strong> (148 × 210 mm)</p></li></ul><h4 style=""text-align: start; ; white-space:pre-wrap;"" data-rte-preserve-empty=""true"">Paper options</h4><ul data-rte-list=""true""><li><p style=""white-space:pre-wrap;"" data-rte-preserve-empty=""true""><strong>Epson Archival Matte</strong> | smooth fine-art surface with soft texture and natural depth.</p></li></ul><h4 style=""text-align: start; ; white-space:pre-wrap;"" data-rte-preserve-empty=""true"">Ink longevity</h4><ul data-rte-list=""true""><li><p style=""text-align: start; ; white-space:pre-wrap;"" data-rte-preserve-empty=""true"">Printed with pigment and dye-based Epson Claria photo inks on Epson professional papers.</p></li></ul><ul data-rte-list=""true""><li><p style=""white-space:pre-wrap;"" data-rte-preserve-empty=""true""><em>Archival Matte:</em> display life ≈ <strong>150–180 years</strong> behind UV-filtered glass; <strong>&gt;200 years</strong> in archival storage.<br><em>(Based on Wilhelm Imaging Research (2025) testing for Claria inks.)</em></p></li></ul><h4 style=""text-align: start; ; white-space:pre-wrap;"" data-rte-preserve-empty=""true"">Packaging</h4><ul data-rte-list=""true""><li><p style=""text-align: start; ; white-space:pre-wrap;"" data-rte-preserve-empty=""true"">A3+–A5: shipped flat in rigid protective mailers with interleaving and corner reinforcement.</p></li></ul><h4 style=""text-align: start; ; white-space:pre-wrap;"" data-rte-preserve-empty=""true"">Shipping</h4><ul data-rte-list=""true""><li><p style=""text-align: start; ; white-space:pre-wrap;"" data-rte-preserve-empty=""true""><strong>Free UK delivery </strong>on all orders.</p></li><li><p style=""text-align: start; ; white-space:pre-wrap;"" data-rte-preserve-empty=""true""><strong>Worldwide shipping</strong> available at checkout.</p></li></ul><h4 style=""text-align: start; ; white-space:pre-wrap;"" data-rte-preserve-empty=""true"">Why you’ll love it</h4><p style=""text-align: start; ; white-space:pre-wrap;"" data-rte-preserve-empty=""true"">A moody, story-rich print that feels like a paused frame from a lost 90s thriller; perfect for design-led spaces and collectors of the <em>Unexplained</em> series.</p>",SQ1718524,,,Size,A3+,,,,,,,,,,,20,0,No,Unlimited,"/unexplained, /art-prints","fine art print, contemporary wall art, minimalist decor, modern art, home interior, collectible art, premium print, luxury home decor, gift for art lovers, framed art, modern living room decor, office decor, british, accent: none, texture: paper-tooth, soft-grain, palette: neutral, orientation: portrait, size: A3+, A3, A4, A5, ai love you, series: unexplained, mood: dark, sinister, unsettling, paper: archival-matte, orientation: landscape, style: ink-block, palette: 1990s, mood: suspense, lighting: sunset, colour: warm-magenta-teal, edition: open, print: fine-art, made-in-uk, palette: dusk-amber, mood: cinematic, mood: neo-noir, style: illustrated",0.55,19,13,0,Yes,https://images.squarespace-cdn.com/content/v1/6877c92b70427e6c159ede38/490fc5e0-2094-42d9-bd48-7db40675dd3d/Man+Without+a+Face+%28low+res%29.jpg https://images.squarespace-cdn.com/content/v1/6877c92b70427e6c159ede38/232a6c84-60c7-4f54-84b7-b1fd2fe3b1cd/Man+Without+A+Face+%28wall+mounted%29.jpg https://images.squarespace-cdn.com/content/v1/6877c92b70427e6c159ede38/11a74a15-d47c-410b-900a-8048630cfb38/Man+Without+A+Face+%28size+comparison%29.jpg
,4c40d897-19c7-4886-a804-1ddd79719aab,,,,,,SQ6131828,,,Size,A3,,,,,,,,,,,15,0,No,Unlimited,,,0.46,16.5,11.7,0,,
,18929ab7-cc3e-4977-ab74-2486ef627881,,,,,,SQ1741721,,,Size,A4,,,,,,,,,,,10,0,No,Unlimited,,,0.26,11.7,8.3,0,,
,44f0d606-0f66-4e86-93d7-59a7b065498a,,,,,,SQ4836678,,,Size,A5,,,,,,,,,,,8,0,No,Unlimited,,,0.15,8.3,5.8,0,,
692ede2d83a15c31fb4fb2ed,92fbc9fe-d4b8-4ac1-8fb2-c74caaef49d7,PHYSICAL,shop,diner-cinematography,“Diner” | Cinematography Series,"<p style=""white-space:pre-wrap;"" data-rte-preserve-empty=""true"">by AI Love You</p><h4 style=""text-align: start; ; white-space:pre-wrap;"" data-rte-preserve-empty=""true""><strong>Concept &amp; Series Theme</strong></h4><p style=""text-align: start; ; white-space:pre-wrap;"" data-rte-preserve-empty=""true""><span>“Diner” is that quiet, loaded moment in the middle of the night when the world outside is all neon and empty streets, and everything important is happening at one small table. Two figures face each other in a classic West-Coast diner, their coffee cups between them like a truce. Outside the windows, palm trees, vacancy signs and glowing billboards burn against a stormy black-and-pink sky. The scene is graded like a 1990s neo-noir thriller: deep shadows, sodium streetlight highlights and surgical pops of neon. Nothing overtly dramatic is happening, but the framing, body language and colour grade make it feel like the scene just before (or just after) the moment the film never quite explains. A natural fit for the ‘Cinematography’ series.</span></p><h4 style=""text-align: start; ; white-space:pre-wrap;"" data-rte-preserve-empty=""true""><strong>Edition Statement:</strong></h4><p style=""text-align: start; ; white-space:pre-wrap;"" data-rte-preserve-empty=""true"">Open edition art print, produced in small, carefully made batches in our UK studio.</p><h4 style=""text-align: start; ; white-space:pre-wrap;"" data-rte-preserve-empty=""true""><strong>Available Sizes (Landscape):</strong></h4><p style=""text-align: start; ; white-space:pre-wrap;"" data-rte-preserve-empty=""true"">A3+, A3, A4 and A5</p><h4 style=""text-align: start; ; white-space:pre-wrap;"" data-rte-preserve-empty=""true""><strong>Paper:</strong></h4><p style=""text-align: start; ; white-space:pre-wrap;"" data-rte-preserve-empty=""true"">Epson Archival Matte | a smooth, fine-art surface with soft texture and natural depth, ideal for graphic, line-based cinematic work like Diner.</p><h4 style=""text-align: start; ; white-space:pre-wrap;"" data-rte-preserve-empty=""true""><strong>Ink &amp; Longevity:</strong></h4><p style=""text-align: start; ; white-space:pre-wrap;"" data-rte-preserve-empty=""true"">Printed using pigment and dye-based Epson Claria photo inks on Epson Archival Matte paper.</p><ul data-rte-list=""true""><li><p style=""white-space:pre-wrap;"" data-rte-preserve-empty=""true"">Display life ≈ 150–180 years behind UV-filtered glass</p></li><li><p style=""white-space:pre-wrap;"" data-rte-preserve-empty=""true"">Over 200 years in archival storage</p></li></ul><p style=""text-align: start; ; white-space:pre-wrap;"" data-rte-preserve-empty=""true"">(Based on Wilhelm Imaging Research (2025) testing for Claria inks on comparable matte media.)</p><h4 style=""text-align: start; ; white-space:pre-wrap;"" data-rte-preserve-empty=""true""><strong>Packaging:</strong></h4><p style=""text-align: start; ; white-space:pre-wrap;"" data-rte-preserve-empty=""true"">A3+–A5 prints are shipped flat in rigid, hard-backed envelopes with protective interleaving and reinforced corners to keep your artwork perfectly safe from studio to doorstep.</p><h4 style=""text-align: start; ; white-space:pre-wrap;"" data-rte-preserve-empty=""true""><strong>Shipping:</strong></h4><ul data-rte-list=""true""><li><p style=""text-align: start; ; white-space:pre-wrap;"" data-rte-preserve-empty=""true""><strong>Free UK delivery </strong>on all orders</p></li><li><p style=""text-align: start; ; white-space:pre-wrap;"" data-rte-preserve-empty=""true""><strong>Worldwide shipping </strong>available at checkout</p></li></ul><h4 style=""text-align: start; ; white-space:pre-wrap;"" data-rte-preserve-empty=""true""><strong>Why You’ll Love It:</strong></h4><p style=""text-align: start; ; white-space:pre-wrap;"" data-rte-preserve-empty=""true"">If you love late-night diners, character-driven cinema and the feeling that something important is being discussed just out of earshot, Diner will feel right at home on your wall. The widescreen frame, clean line art and subtle background details reward repeat viewing, and it pairs perfectly with Airport Gate and other Cinematography pieces to build your own quiet, film-inspired universe.</p>",SQ6104851,,,Size,A3+,,,,,,,,,,,20,0,No,Unlimited,"/cinematography, /art-prints","fine art print, monochrome, contemporary wall art, minimalist decor, black and white print, modern art, home interior, collectible art, premium print, luxury home decor, gift for art lovers, limited edition, framed art, modern living room decor, office decor, british, style: monochrome-minimal, texture: paper-tooth, soft-grain, palette: neutral, orientation: portrait, size: A3+, A3, A4, A5, ai love you, paper: archival-matte, orientation: landscape, style: ink-block, palette: 1990s, mood: suspense, theme: diner, colour: warm-magenta-teal, edition: open, print: fine-art, made-in-uk, series: cinematography",0.55,19,13,0,Yes,https://images.squarespace-cdn.com/content/v1/6877c92b70427e6c159ede38/fe55d98b-8f65-439b-a636-bf3b1e97aa3a/Diner+Neon.jpg https://images.squarespace-cdn.com/content/v1/6877c92b70427e6c159ede38/619da068-48ee-4620-87f9-4b4a1c2c940e/Diner+Neon+wall+mounted.jpg https://images.squarespace-cdn.com/content/v1/6877c92b70427e6c159ede38/c34a6f9f-ea2c-4a2f-9723-b1f81072304c/Diner+Neon+Size+Comparison.jpg
,784a8713-6fd9-49ff-9893-c9572b86fa5e,,,,,,SQ4236353,,,Size,A3,,,,,,,,,,,15,0,No,Unlimited,,,0.46,16.5,11.7,0,,
,b22ce004-5665-4443-9435-9de436f2b9bc,,,,,,SQ0685210,,,Size,A4,,,,,,,,,,,10,0,No,Unlimited,,,0.26,11.7,8.3,0,,
,9047c6b6-87de-440b-aecf-07ea68771bfa,,,,,,SQ2125833,,,Size,A5,,,,,,,,,,,8,0,No,Unlimited,,,0.15,8.3,5.8,0,,